video_id,subject,scene,quality,relevance,verified,video_length,action_id,action_index,action,action_name,object_id,object_name,verb_id,verb_name,start_seconds,end_seconds,duration_seconds,clip_start_seconds,clip_end_seconds,clip_duration_seconds,objects,descriptions
8BG1T,Z68L,Recreation room / Man cave,7,7,Yes,45.46,c106,106,drinking_from_a_cup_glass_bottle,Drinking from a cup/glass/bottle,o010,cup/glass/bottle,v004,drink,7.6,43.7,36.1,5.6,45.46,39.86,cup;sofa;television;towel,The person walks to the sofa and sits down. They drink out of a glass and laugh at the television. The person wipes their face with a towel.
OINMN,X3DN,Closet / Walk-in closet / Spear closet,7,7,Yes,45.25,c019,19,talking_on_a_phone_camera,Talking on a phone/camera,o025,phone/camera,v024,talk,0.0,46.0,46.0,0.0,45.25,45.25,a person walks around;book;box;closet/cabinet;door;phone;shelf,{}
024PD,G6WD,Dining room,7,7,Yes,59.04,c015,15,holding_a_phone_camera,Holding a phone/camera,o025,phone/camera,v008,hold,0.0,60.0,60.0,0.0,59.04,59.04,book;phone;table,A person flips through a magazine while talking on the phone and taking pictures.
EHTB6,UTMU,Bathroom,7,7,Yes,41.0,c016,16,playing_with_a_phone_camera,Playing with a phone/camera,o025,phone/camera,v014,play,0.0,42.0,42.0,0.0,41.0,41.0,blanket;camera;floor;phone,"A girl is laying on a blanket on the floor, looking at and playing with her camera."
B5UXP,X3DN,Pantry,7,7,Yes,53.0,c156,156,someone_is_eating_something,Someone is eating something,o016,food,v005,eat,0.0,54.0,54.0,0.0,53.0,53.0,box;food,A person is eating food from a cereal box.
P0DXX,0RNU,Garage,7,7,Yes,52.0,c151,151,someone_is_going_from_standing_to_sitting,Someone is going from standing to sitting,o000,None,v018,sit,8.2,31.4,23.2,6.2,33.4,27.2,book;box;clothes;floor;trash,a person puts some trash in a box and sets it next to a tv;A person picking up stuff and putting it in a card board box.The person picks up the box and sits by a television .The person turns and walks away .
FVPMC,3531,Pantry,7,7,Yes,35.25,c154,154,someone_is_standing_up_from_somewhere,Someone is standing up from somewhere,o000,None,v022,stand,0.0,36.0,36.0,0.0,35.25,35.25,broom;cabinet;dish;door;food;pantry / closet;sandwich;shelf,"A person holds a broom and opens the doors of the cabinet. The person then puts the broom in the cabinet on top of dishes, closes the cabinet doors, picks up a sandwich from a shelf, and eats the sandwich.;This person is standing in their kitchen, opens up closet / pantry, places broom in pantry, and then picks up a dish with food and starts eating."
CY2J2,G6WD,Living room,7,7,Yes,50.83,c059,59,sitting_in_a_chair,Sitting in a chair,o007,chair,v018,sit,0.0,52.0,52.0,0.0,50.83,50.83,bag;chair;floor;vacuum,A person is sitting on the floor and taking apart a vacuum cleaner. The person is talking to another person as they do this.
BGX4T,HR43,Laundry room,7,7,Yes,23.42,c097,97,walking_through_a_doorway,Walking through a doorway,o014,doorway,v029,walk,0.0,24.0,24.0,0.0,23.42,23.42,door;vacuum,A person is holding a vacuum cleaner. A person then closes the door. A person then leaves the room
S1BYH,1TZV,Garage,7,7,Yes,28.04,c150,150,someone_is_running_somewhere,Someone is running somewhere,o000,None,v017,run,0.0,29.0,29.0,0.0,28.04,28.04,box,A person runs back and fourth in their garage while holding a box.
4FXUI,D0RU,Home Office / Study (A room in a house used for work),7,7,Yes,44.25,c052,52,working_playing_on_a_laptop,Working/Playing on a laptop,o020,laptop,v014,play,0.0,41.2,41.2,0.0,43.2,43.2,chair;desk;door;laptop;table,"A person is sitting at a desk typing on a laptop.  The person scratches their head, types more, closes the computer and walks out of the room.;A person sitting at a lap top and desk .The person is working on the computer.The person gets up and halfway closes the top on the computer.The person proceeds to leave the room"
ZCH1J,DBGJ,Dining room,7,7,Yes,44.58,c051,51,watching_a_laptop_or_something_on_a_laptop,Watching a laptop or something on a laptop,o020,laptop,v031,watch,0.0,46.0,46.0,0.0,44.58,44.58,bag;food;laptop;refrigerator,A person is sitting down and opening a bag of chips. They have a laptop on their lap that they are looking at while they eat.
JUF24,3VLX,Kitchen,7,7,Yes,37.08,c147,147,someone_is_cooking_something,Someone is cooking something,o016,food,v002,cook,0.0,38.0,38.0,0.0,37.08,37.08,bag;food;spoon;stove,A person turns on the stove and cooks some food. The person takes food out of a bag and puts in the pot. The person stirs the pot.
6TNP4,EA2K,Kitchen,7,7,Yes,44.58,c107,107,holding_a_cup_glass_bottle_of_something,Holding a cup/glass/bottle of something,o010,cup/glass/bottle,v008,hold,2.9,46.0,43.1,0.9,44.58,43.68,bottle;cup;floor;glass;refrigerator;shoe,A person is sitting on the floor while touching and cleaning some shoes. Another person is pouring a beverage from a refrigerator.
PURYC,ID9V,Kitchen,7,7,Yes,33.71,c110,110,taking_a_cup_glass_bottle_from_somewhere,Taking a cup/glass/bottle from somewhere,o010,cup/glass/bottle,v023,take,1.2,35.0,33.8,0.0,33.71,33.71,bag;cup/glass/bottle;door;food;groceries;refrigerator,The person opened the refrigerator and removed several groceries.;The person was getting things out of the refrigerator.  It looked like the person was making a meal. The person took out several things to eat.
1Y09V,ZAWX,Other,7,7,Yes,30.79,c109,109,putting_a_cup_glass_bottle_somewhere,Putting a cup/glass/bottle somewhere,o010,cup/glass/bottle,v016,put,0.0,32.0,32.0,0.0,30.79,30.79,chair;coffee;cup;dish;food;glass,A person is standing and drinking coffee from a cup. They put the cup on a chair and leave.
HG8G1,T7C3,Dining room,7,7,Yes,36.83,c065,65,eating_a_sandwich,Eating a sandwich,o029,sandwich,v005,eat,0.0,38.0,38.0,0.0,36.83,36.83,floor;food;sandwich,A person lying on a floor .The person is eating a sandwich in a doorway between two rooms eating this sandwich and smiling .
ZP5TG,5LWB,Living room,7,7,Yes,42.46,c123,123,sitting_on_sofa_couch,Sitting on sofa/couch,o032,sofa/couch,v018,sit,0.0,43.0,43.0,0.0,42.46,42.46,chair;couch;dish;food;futon;table,"2 people are sitting in the living room talking, 1 of them is eating food.;The people are sitting and talking to each other. One person is eating."
L57L2,P6LJ,Entryway (A hall that is generally located at the entrance of a house),7,7,Yes,124.04,c125,125,sitting_on_the_floor,Sitting on the floor,o015,floor,v018,sit,24.1,121.7,97.6,22.1,123.7,101.6,bag;box;clothes;floor;tape,A person is picking up a bag and putting it in a box then they close the box and seal the box with tape.
3HUXR,T7C3,Bedroom,7,7,Yes,41.62,c132,132,watching_television,Watching television,o034,television,v031,watch,0.0,43.0,43.0,0.0,41.62,41.62,bed;blanket;food;light;television;tv,"A person is lying on a bed wrapped in a blanket.  They are eating something and watching TV.  They get up and turn off the light.;This person is laying down, eating something, while watching tv, then turns off the light."
38TF8,6PZN,Kitchen,7,7,Yes,31.5,c106,106,drinking_from_a_cup_glass_bottle,Drinking from a cup/glass/bottle,o010,cup/glass/bottle,v004,drink,0.0,33.0,33.0,0.0,31.5,31.5,bowl;clothes;coffee;cup;floor;food,"One person sits on the floor eating, while another person drinks coffee and gets dressed.;The person on the floor was eating while sitting, while the person standing in the back was adjusting his clothes"
QU2WL,D0RU,Recreation room / Man cave,7,7,Yes,34.21,c019,19,talking_on_a_phone_camera,Talking on a phone/camera,o025,phone/camera,v024,talk,0.0,35.0,35.0,0.0,34.21,34.21,bottle;chair;cup;desk;drink;food;phone;table,"The person is on the phone, walking across the room.  He goes to the table, starts eating, sits down, also takes a drink, all while on the phone.;A person is walking around a room while talking on the phone. The person walks to a table, pours a drink and sits down."
ENJ7V,9PLL,Living room,7,7,Yes,39.79,c015,15,holding_a_phone_camera,Holding a phone/camera,o025,phone/camera,v008,hold,0.0,41.0,41.0,0.0,39.79,39.79,door;phone/camera;shoe;video,A person watches a video on a tablet computer while standing near a door and then removes his shoes and puts them on the floor.
75HWR,4YWP,Dining room,7,7,Yes,37.0,c016,16,playing_with_a_phone_camera,Playing with a phone/camera,o025,phone/camera,v014,play,0.0,38.0,38.0,0.0,37.0,37.0,food;hand;phone;sandwich;table,"A person is standing, looking at their phone. Another person walks past, holding a sandwich on a plate."
7JTEK,T7C3,Kitchen,7,7,Yes,35.29,c156,156,someone_is_eating_something,Someone is eating something,o016,food,v005,eat,0.0,36.0,36.0,0.0,35.29,35.29,cup;dish;food;glass;sandwich;stove,"A person is cooking while eating a sandwich they pick up a pill bottle and put it down on the counter.;A person is standing in their kitchen eating a sandwich and smiling while cooking some food on a stove, they then move a glass."
7WIKW,UTMU,Entryway (A hall that is generally located at the entrance of a house),7,7,Yes,44.46,c151,151,someone_is_going_from_standing_to_sitting,Someone is going from standing to sitting,o000,None,v018,sit,19.1,40.1,21.0,17.1,42.1,25.0,box;coffee;cup;doorway;floor;glass;pillow;shelf;something,"A person walks over, pours a glass of water, picks up a pillow and snuggles with it. Then the person kneels down, opens a suitcase, rummages through it, gets up, and walks away."
1LKPL,BYF9,Kitchen,7,7,Yes,33.58,c154,154,someone_is_standing_up_from_somewhere,Someone is standing up from somewhere,o000,None,v022,stand,0.0,35.0,35.0,0.0,33.58,33.58,book;camera;dish;food;phone;picture;pot;stove;towel;trash can,Someone is in the kitchen cooking something while another person is standing and taking pictures of them.;A person in a kitchen throwing stuff away and putting things up.The other person is taking pictures of the person doing all the work.The one person places pots on the stove.
229ZR,D0RU,Entryway (A hall that is generally located at the entrance of a house),7,7,Yes,40.42,c059,59,sitting_in_a_chair,Sitting in a chair,o007,chair,v018,sit,0.0,41.0,41.0,0.0,40.42,40.42,chair;door,"One person is standing in a doorway and another person is sitting in a chair outside the doorway. The person in the doorway swings the door back and forth and the person in the chair swings their leg. The person from the doorway walks out of the picture.;A person is standing in a doorway, opening and closing a door, while another person is sitting in a chair kicking their leg"
STAZI,BYF9,Kitchen,7,7,Yes,36.33,c097,97,walking_through_a_doorway,Walking through a doorway,o014,doorway,v029,walk,0.0,17.1,17.1,0.0,19.1,19.1,book;broom;door;floor;food,Someone walks in holding a book. He puts the book away as a girl follows him and begins to sweep up with a broom.
M0DAY,UTMU,Closet / Walk-in closet / Spear closet,7,7,Yes,24.83,c150,150,someone_is_running_somewhere,Someone is running somewhere,o000,None,v017,run,0.0,26.0,26.0,0.0,24.83,24.83,closet;clothes;cup;glass;phone;shoes,"A person is standing in a closet, running in place while holding a glass. There is a rack of clothes and pile of shoes nearby.;A person standing in a closet with high heel shoes on dancing in place.The person is holding a phone while dancing."
NDH24,T7C3,Stairs,7,7,Yes,36.38,c052,52,working_playing_on_a_laptop,Working/Playing on a laptop,o020,laptop,v014,play,0.0,37.0,37.0,0.0,36.38,36.38,laptop;phone,"A person is sitting on the stairs, laughing while they look at their computer screen. THey are also holding a phone."
YVH4J,D0RU,Bedroom,7,7,Yes,46.67,c051,51,watching_a_laptop_or_something_on_a_laptop,Watching a laptop or something on a laptop,o020,laptop,v031,watch,0.0,36.3,36.3,0.0,38.3,38.3,bag;bed;laptop;paper/notebook;person;pillow;television,A person is laying on a bed on a pillow kicking their feet and smiling as they watch a video on a laptop across the room. They pick up a backpack and pick out some homework and look at it.;someone laying on a bed and watching something on a laptop.
BPZE3,T7C3,Kitchen,7,7,Yes,35.12,c147,147,someone_is_cooking_something,Someone is cooking something,o016,food,v002,cook,0.0,36.0,36.0,0.0,35.12,35.12,food;phone;stove,A person is cooking at the stove while looking at their phone.
GY9MZ,PKND,Other,7,7,Yes,35.17,c107,107,holding_a_cup_glass_bottle_of_something,Holding a cup/glass/bottle of something,o010,cup/glass/bottle,v008,hold,0.0,36.0,36.0,0.0,35.17,35.17,coffee;cup;floor;shoe,"A person is pacing back and forth, laughing and smiling while drinking from from a mug. They take off their shoes and kick them aside.;The person is walking back and forth with a cup in the hand while drinking from it and smiling. The person is also removing its shoes without bending."
A1NKP,D0RU,Kitchen,7,7,Yes,30.75,c110,110,taking_a_cup_glass_bottle_from_somewhere,Taking a cup/glass/bottle from somewhere,o010,cup/glass/bottle,v023,take,0.0,32.0,32.0,0.0,30.75,30.75,blanket;coffee;dish;food;glass,"A man stands, wrapped in a blanket. He is standing over the sink and drinking from a coffee cup."
PCXYE,5LWB,Garage,7,7,Yes,34.54,c109,109,putting_a_cup_glass_bottle_somewhere,Putting a cup/glass/bottle somewhere,o010,cup/glass/bottle,v016,put,0.0,26.4,26.4,0.0,28.4,28.4,chair;coffee;cup;glass;shelf;wall,A person drinks from a cup while sitting in a chair before fixing a shelf.;A person is sitting on a bike and drinking from a white cup. They get up and walk over to a shelf and put it down.
R28EY,9Y7F,Other,7,7,Yes,30.67,c065,65,eating_a_sandwich,Eating a sandwich,o029,sandwich,v005,eat,0.9,32.0,31.1,0.0,30.67,30.67,blanket;clothes;coat;food;mirror;pillow;sandwich,One young person throwing a coat over his shoulder and tossing around a pillow and another person eating a sandwich and looking in a mirror;Two people are standing in a room. One person is tossing a pillow in the air and wearing a blanket on their shoulder. The other person is eating some food and looking at himself in a mirror.
VSFCR,HR43,Living room,7,7,Yes,37.88,c123,123,sitting_on_sofa_couch,Sitting on sofa/couch,o032,sofa/couch,v018,sit,0.0,39.0,39.0,0.0,37.88,37.88,bed;cup;dog;sofa;unknown object,Person is sitting on bed with dog holding coffee cup and sipping out of it.  He looks to his right and examines the object sitting there after setting down his coffee cup.;A person is sitting on a bed with a cup drinking and laughing.
24B2K,3H6W,Basement (A room below the ground floor),7,7,Yes,53.92,c125,125,sitting_on_the_floor,Sitting on the floor,o015,floor,v018,sit,8.5,49.5,41.0,6.5,51.5,45.0,blanket;box;cup;dish;floor;food;sandwich,"A person sits down behind a closed door and eats a sandwich, drinks water, looks at a box, and snuggles with a blanket before standing up."
1BUFQ,PO5L,Living room,7,7,Yes,40.25,c132,132,watching_television,Watching television,o034,television,v031,watch,0.0,41.0,41.0,0.0,40.25,40.25,floor;homework;paper;television;televison,A person walks back and forth and then looks up. Then they take a piece of homework and write on it. Then they get back up and leave the room.;A person is walking in front of a televison back and fort then looking up and sitting on the floor to work on homework.
U9UI8,9Y7F,Recreation room / Man cave,7,7,Yes,30.54,c106,106,drinking_from_a_cup_glass_bottle,Drinking from a cup/glass/bottle,o010,cup/glass/bottle,v004,drink,0.0,32.0,32.0,0.0,30.54,30.54,box;coffee;cup,One person is sitting on a bed looking through a box while the other person is standing and drinking from a mug
M8CDW,I1YH,Pantry,7,7,Yes,32.79,c019,19,talking_on_a_phone_camera,Talking on a phone/camera,o025,phone/camera,v024,talk,0.0,34.0,34.0,0.0,32.79,32.79,chair;phone,A person is sitting in a chair in the pantry and talking on the phone.
Y6MUU,0RNU,Laundry room,7,7,Yes,39.0,c015,15,holding_a_phone_camera,Holding a phone/camera,o025,phone/camera,v008,hold,0.0,40.0,40.0,0.0,39.0,39.0,broom;cup/glass/bottle;door;medicine;phone;video,"A person is holding a broom and watching a video on a phone. They grab a bottle, open a door and leave."
X95MU,D0RU,Hallway,7,7,Yes,36.38,c016,16,playing_with_a_phone_camera,Playing with a phone/camera,o025,phone/camera,v014,play,0.0,37.0,37.0,0.0,36.38,36.38,camera;chair;clothes;phone;picture;shoe,"A person is walking with a camera in their hands while putting on shoes, they then sit down on a chair and take a picture.;The person puts on their shoes then sits in a chair holding a camera. They take a picture."
L4DUU,ZAWX,Kitchen,7,7,Yes,31.58,c156,156,someone_is_eating_something,Someone is eating something,o016,food,v005,eat,0.0,33.0,33.0,0.0,31.58,31.58,camera;doorway;food;phone;sandwich;table,The person is holding a camera and eating a sandwich. The person is waving the camera around. The person puts the camera down. The person walks out of the room
XFHYX,XXN8,Pantry,7,7,Yes,29.88,c151,151,someone_is_going_from_standing_to_sitting,Someone is going from standing to sitting,o000,None,v018,sit,0.7,16.9,16.2,0.0,18.9,18.9,cabinet;cup/glass/bottle;shelf;towel,"A person is cleaning a cabinet, and sneezing. The person gets a cup of water and drinks it."
FV684,1OHU,Bathroom,7,7,Yes,32.92,c154,154,someone_is_standing_up_from_somewhere,Someone is standing up from somewhere,o000,None,v022,stand,0.0,34.0,34.0,0.0,32.92,32.92,mirror;sink;table;vacuum;wipe,A person fixes their hat and admires themselves in a mirror. They wipe down the table with a wipe. They start vacuuming the floor;A person is looking at themselves in a mirror smiling then tidying the sink and vacuuming the floor.
ARCUY,4I61,Home Office / Study (A room in a house used for work),7,7,Yes,43.83,c059,59,sitting_in_a_chair,Sitting in a chair,o007,chair,v018,sit,2.6,42.2,39.6,0.6,43.83,43.23,cabinet;chair;drawer;lamp;pillow;recliner;vest,"A person walks into the room and sits down in a recliner. The person adjusts a lamp. The person adjusts their jacket. The person grabs a pillow and fluffs it and sneezes while doing that. The person walks out of the room.;A person enters the living room, then closes a cabinet drawer and sits down in a recliner.  They adjust a floor lamp before zipping up their vest, then fluffs a pillow and sneezes several times before leaving the room."
406LH,P6LJ,Living room,7,7,Yes,34.17,c097,97,walking_through_a_doorway,Walking through a doorway,o014,doorway,v029,walk,3.0,19.0,16.0,1.0,21.0,20.0,curtain;dish;door;food;sandwich;shelf;window,"A person opens a door and stand in the doorway eating food from a dish, they then close the door and go to a window and look out.;A woman walks to a door and opens it, grabs a bowl and eats something, and then walks to the window and opens the curtain."
SPG5Q,T7C3,Laundry room,7,7,Yes,33.42,c150,150,someone_is_running_somewhere,Someone is running somewhere,o000,None,v017,run,11.2,34.0,22.8,9.2,33.42,24.22,clothes;floor;shoe;towel,A person takes off shoes in the laundry room and then runs in place while holding a towel.
YDTH0,CCI9,Living room,7,7,Yes,34.5,c052,52,working_playing_on_a_laptop,Working/Playing on a laptop,o020,laptop,v014,play,0.0,36.0,36.0,0.0,34.5,34.5,cup;glass;laptop;sofa;table;water,A person sits down holding a laptop covered with a blanket. They pick up a glass of water and put it on the table.
7GIOE,9PLL,Home Office / Study (A room in a house used for work),7,7,Yes,33.79,c051,51,watching_a_laptop_or_something_on_a_laptop,Watching a laptop or something on a laptop,o020,laptop,v031,watch,0.0,35.0,35.0,0.0,33.79,33.79,laptop;picture,A person is using their laptop to look at pictures and to type on the keyboard.
8PSXZ,HR43,Kitchen,7,7,Yes,32.33,c147,147,someone_is_cooking_something,Someone is cooking something,o016,food,v002,cook,0.0,33.0,33.0,0.0,32.33,32.33,box;food;pot;stove,A person stands at a stove cooking something in a pot.  They pick up a box and move it next to a laptop.
ZWE6N,P6LJ,Dining room,7,7,Yes,37.71,c107,107,holding_a_cup_glass_bottle_of_something,Holding a cup/glass/bottle of something,o010,cup/glass/bottle,v008,hold,2.2,37.7,35.5,0.2,37.71,37.51,bag;clothes;coffee;cup;glass;hand;table,A person takes a mug from the table and drinks from it. The person takes a bag and puts it back down.
K8AUX,4I2W,Pantry,7,7,Yes,29.54,c110,110,taking_a_cup_glass_bottle_from_somewhere,Taking a cup/glass/bottle from somewhere,o010,cup/glass/bottle,v023,take,0.0,31.0,31.0,0.0,29.54,29.54,bag;box;coffee;cup;dish;doorway;food;glass;groceries;items,The person is drinking from a cup and laughing.  They then take items out of a box and walk out the door.;A laughing person is drinking some coffee from a glass.  They pick up a bag  of groceries and some food and walk out the room through an open doorway.
B2X4D,C7O9,Kitchen,7,7,Yes,30.71,c109,109,putting_a_cup_glass_bottle_somewhere,Putting a cup/glass/bottle somewhere,o010,cup/glass/bottle,v016,put,11.2,32.0,20.8,9.2,30.71,21.51,counter;cup;doorway;food;glass;stove;table,"A person is standing in the kitchen eating in silence.  Another person comes in the kitchen and goes to the stove.  They put something down next to the stove, stand there for a bit, and seem to adjust something on top of the stove.;Person is standing in a doorway and eating in kitchen. Another person walks in and places a cop on the counter."
7XLMZ,0KZ7,Stairs,7,7,Yes,28.75,c065,65,eating_a_sandwich,Eating a sandwich,o029,sandwich,v005,eat,0.0,30.0,30.0,0.0,28.75,28.75,clothes;floor;sandwich;towel,A person is playing with their clothes throwing them up in the air while sneezing uncontrollably.
M40WF,BYF9,Living room,7,7,Yes,36.04,c123,123,sitting_on_sofa_couch,Sitting on sofa/couch,o032,sofa/couch,v018,sit,0.0,37.0,37.0,0.0,36.04,36.04,bag;blanket;game;phone/camera;sofa,"Two people are sitting on a sofa while one uses a controller to play a video game. The other person gets up and moves to a table and picks a bag up from a seat, moving it next to the person playing games."
F0ZPW,UTMU,Closet / Walk-in closet / Spear closet,7,7,Yes,39.29,c125,125,sitting_on_the_floor,Sitting on the floor,o015,floor,v018,sit,0.0,40.0,40.0,0.0,39.29,39.29,blanket;clothes;cup;dish;floor;food;glass;towel;vacuum,"A person is sitting on the floor eating while holding a blanket. A person then drinks water, and then begins to clean an item."
GYAR9,T7C3,Bedroom,7,7,Yes,37.96,c132,132,watching_television,Watching television,o034,television,v031,watch,0.0,39.0,39.0,0.0,37.96,37.96,bed;blanket;clothes;desk;floor;glass;television;water,person sitting on bed watching tv throws closes on floor takes a drink
5JSFE,C7O9,Kitchen,7,7,Yes,30.79,c106,106,drinking_from_a_cup_glass_bottle,Drinking from a cup/glass/bottle,o010,cup/glass/bottle,v004,drink,0.0,29.8,29.8,0.0,30.79,30.79,coffee;cup;door;homework;paper,A MAN IS DRINKING A CUP OF COFFEE BY THE DOOR AND ANOTHER BOY PASSES BY HIM TO OPEN A CLOSET DOOR TO GET A PEICE OF PAPER
FN71T,9PLL,Bathroom,7,7,Yes,31.83,c019,19,talking_on_a_phone_camera,Talking on a phone/camera,o025,phone/camera,v024,talk,0.0,33.0,33.0,0.0,31.83,31.83,clothes;door;phone;sink,"A person walks into a bathroom talking on a phone. The person then begins pick things up off the floor and placing them into the sink. The person then picks up some clothes off the floor and walks out of the bathroom.;Person walks into bathroom, while talking on the phone. Person puts some stuff in the sink and then grabs clothes and walks out of bathroom, while still talking on the phone."
RV11J,T7C3,Living room,7,7,Yes,40.29,c015,15,holding_a_phone_camera,Holding a phone/camera,o025,phone/camera,v008,hold,0.0,39.1,39.1,0.0,40.29,40.29,bag;camera;phone,A person is pacing while holding a camera and looking through the view. They then put the camera into it's bag.
NSDFA,1OHU,Recreation room / Man cave,7,7,Yes,35.08,c016,16,playing_with_a_phone_camera,Playing with a phone/camera,o025,phone/camera,v014,play,0.0,36.0,36.0,0.0,35.08,35.08,box;phone;picture,A person is carrying a box around a room while holding a phone.  They put the box down and take a picture.
DDUXF,D0RU,Kitchen,7,7,Yes,37.62,c156,156,someone_is_eating_something,Someone is eating something,o016,food,v005,eat,0.0,32.9,32.9,0.0,34.9,34.9,food;laptop;plate;table,"A person in a orange shirt is eating and nteracting with a laptop;a person looking down a laptop on a table while standing up and eating snacks, picks up the laptop and continues watching something on the laptop"
HB8QW,3H6W,Dining room,7,7,Yes,25.42,c151,151,someone_is_going_from_standing_to_sitting,Someone is going from standing to sitting,o000,None,v018,sit,2.6,18.6,16.0,0.6,20.6,20.0,bag;broom;clothes;table,A person walks up while holding a broom in their hand and sits down in a chair and then gets up again and walks away while still holding the broom.
OYG5H,X5XO,Home Office / Study (A room in a house used for work),7,7,Yes,30.83,c154,154,someone_is_standing_up_from_somewhere,Someone is standing up from somewhere,o000,None,v022,stand,0.0,32.0,32.0,0.0,30.83,30.83,book;cabinet;clothes;door;floor,"A person picks up a magazine, puts it away, then throws things into another room."
IJN3M,D0RU,Hallway,7,7,Yes,41.42,c059,59,sitting_in_a_chair,Sitting in a chair,o007,chair,v018,sit,3.0,42.0,39.0,1.0,41.42,40.42,camera;chair;phone;shoe,"A person walks through a room, sits on a bench, puts on shoes, and fiddles with a phone"
AST4H,JVLO,Living room,7,7,Yes,29.92,c097,97,walking_through_a_doorway,Walking through a doorway,o014,doorway,v029,walk,8.0,21.9,13.9,6.0,23.9,17.9,box;doorway;hair;mirror,"A person picks up a box, smiles and looks into a mirror.;A person picks up a box and walks through a doorway. The person then fixes their hair in a mirror"
0R5GS,3531,Recreation room / Man cave,7,7,Yes,31.33,c150,150,someone_is_running_somewhere,Someone is running somewhere,o000,None,v017,run,10.9,32.0,21.1,8.9,31.33,22.43,bench;box;mirror;room,"A person walks into the room and grabs a box off of a bench. The person walks in circles while holding the box while looking in a mirror.;A person walks into a room, picks up a box, and begins walking in circles with the box in hand"
V58VE,D0RU,Bedroom,7,7,Yes,31.54,c052,52,working_playing_on_a_laptop,Working/Playing on a laptop,o020,laptop,v014,play,0.0,33.0,33.0,0.0,31.54,31.54,bed;clothes;laptop;pillow,A person is sitting on a bed with a pillow and laptop. The person is watching something on the laptop.
H603E,LTAC,Basement (A room below the ground floor),7,7,Yes,32.33,c051,51,watching_a_laptop_or_something_on_a_laptop,Watching a laptop or something on a laptop,o020,laptop,v031,watch,0.0,33.0,33.0,0.0,32.33,32.33,book;chair;floor;food;laptop;paper;sandwich;table,"A person is sitting in a chair looking at a paper, while working on a laptop.;The person is sitting and looking through some paper. The person then types something on a keyboard. They do this two times, put the paper on the ground, then eat something"
1SKLG,KQI6,Kitchen,7,7,Yes,30.42,c147,147,someone_is_cooking_something,Someone is cooking something,o016,food,v002,cook,0.0,31.0,31.0,0.0,30.42,30.42,blanket;broom;floor;food;something;stove;towel,a person holding a blanket is fixing something on the stove and another person comes in to sweep;A person is cooking something on the stove.  Another person starts sweeping the floor with a broom.
HY9LW,T7C3,Kitchen,7,7,Yes,33.75,c107,107,holding_a_cup_glass_bottle_of_something,Holding a cup/glass/bottle of something,o010,cup/glass/bottle,v008,hold,0.0,34.6,34.6,0.0,33.75,33.75,cup;dish;glass;sink;something,A person is pouring water into a sink.;Person walk over to the sink pour out something in the sink then walk out of the room.
0NCWX,LTAC,Pantry,7,7,Yes,31.5,c110,110,taking_a_cup_glass_bottle_from_somewhere,Taking a cup/glass/bottle from somewhere,o010,cup/glass/bottle,v023,take,2.3,32.0,29.7,0.3,31.5,31.2,cabinet;cup;dish;door;glass,A person a cabinet and removes a glass. The person drinks from the glass.
8LWV7,ID9V,Bedroom,7,7,Yes,30.04,c109,109,putting_a_cup_glass_bottle_somewhere,Putting a cup/glass/bottle somewhere,o010,cup/glass/bottle,v016,put,12.8,31.0,18.2,10.8,30.04,19.24,bed;blanket;coffee;cup;mug;table,A person lies down ona  bed. The person then gets up and drinks from a mug;A person awakens on a bed and grabs a coffee cup and drinks from it.
D4RH8,5LWB,Entryway (A hall that is generally located at the entrance of a house),7,7,Yes,29.08,c065,65,eating_a_sandwich,Eating a sandwich,o029,sandwich,v005,eat,0.0,30.0,30.0,0.0,29.08,29.08,book;chair;food;phone;sandwich,"Person A is sitting on a chair reading a book while Person B is holding a phone and eating a sandwich.;Two people are sitting on chairs in a hallway. One is looking at a book and the other is looking at their phone while eating a sandwich,"
EASCD,D0RU,Living room,7,7,Yes,41.46,c123,123,sitting_on_sofa_couch,Sitting on sofa/couch,o032,sofa/couch,v018,sit,0.0,35.0,35.0,0.0,37.0,37.0,chair;cup;dish;glass;sink;soda;sofa/couch;table,"A person is sitting on the bed brushing his hair with his hands. He pours a glass of soda and then takes a drink and sets the glass back down. He rearranges some dishes on the table and then grabs them, gets up, and takes them to the sink."
C0207,T7C3,Kitchen,7,7,Yes,36.42,c125,125,sitting_on_the_floor,Sitting on the floor,o015,floor,v018,sit,0.0,37.0,37.0,0.0,36.42,36.42,floor;medicine;refrigerator,A person sits on their kitchen floor contemplating if they should take the medicine.
1DGSW,T7C3,Stairs,7,7,Yes,38.33,c132,132,watching_television,Watching television,o034,television,v031,watch,1.8,39.0,37.2,0.0,38.33,38.33,clothes;floor;television;tv,A person gets dressed while watching tV on the stairs.
U3OJV,0KZ7,Living room,7,7,Yes,27.67,c106,106,drinking_from_a_cup_glass_bottle,Drinking from a cup/glass/bottle,o010,cup/glass/bottle,v004,drink,0.0,29.0,29.0,0.0,27.67,27.67,chair;coffee;cup;phone;water,"A person is sitting in a chair, drinking from a glass and looking at a phone.;A person is sitting in a chair holding a cup and a phone. They drink water from the cup."
V5XKZ,D0RU,Stairs,7,7,Yes,31.58,c019,19,talking_on_a_phone_camera,Talking on a phone/camera,o025,phone/camera,v024,talk,0.0,32.7,32.7,0.0,31.58,31.58,bag;groceries;phone,"A person is standing on stairs, holding a bag of groceries while talking on a phone."
3FMAS,D0RU,Living room,7,7,Yes,37.12,c015,15,holding_a_phone_camera,Holding a phone/camera,o025,phone/camera,v008,hold,0.0,38.0,38.0,0.0,37.12,37.12,doorway;hair;mirror;phone;picture,A person is looking in a mirror in a room while holding a phone. They then take a picture of them self.
B8BSY,XXN8,Home Office / Study (A room in a house used for work),7,7,Yes,31.79,c016,16,playing_with_a_phone_camera,Playing with a phone/camera,o025,phone/camera,v014,play,0.0,32.9,32.9,0.0,31.79,31.79,camera;coffee;cup;table,"A person, sitting next to a cup of coffee is texting on a smartphone while sneezing at the same time."
5B8M5,ZAWX,Laundry room,7,7,Yes,30.71,c156,156,someone_is_eating_something,Someone is eating something,o016,food,v005,eat,0.0,32.0,32.0,0.0,30.71,30.71,chair;clothes;dish;food,A person is sitting in a chair and eating something. The person then gets up and checks the washing machine.
CVPQR,ZAWX,Recreation room / Man cave,7,7,Yes,30.58,c151,151,someone_is_going_from_standing_to_sitting,Someone is going from standing to sitting,o000,None,v018,sit,16.5,32.0,15.5,14.5,30.58,16.08,chair;laptop;table,"A person picks up a laptop, opens it, types something into it, then sits down.;A person retrieved laptop from a table stands for a few seconds then has a seat in a chair and continues on laptop."
MV9N4,RPBD,Kitchen,7,7,Yes,28.96,c154,154,someone_is_standing_up_from_somewhere,Someone is standing up from somewhere,o000,None,v022,stand,0.0,30.0,30.0,0.0,28.96,28.96,food;glass;refrigerator;stove,A person is cooking on the stove and opens the refrigerator and pours a drink.
0YTSJ,D0RU,Home Office / Study (A room in a house used for work),7,7,Yes,37.08,c059,59,sitting_in_a_chair,Sitting in a chair,o007,chair,v018,sit,0.0,38.0,38.0,0.0,37.08,37.08,chair;cup;desk;dish;food;glass;laptop;sandwich;table;water,"A person sits in a chair looking at a laptop computer. The person leans back and takes off their glasses. They reach for a glass to take a drink, then put it down to grab a sandwich. The person takes a bite from the sandwich."
WOD0G,ZAWX,Entryway (A hall that is generally located at the entrance of a house),7,7,Yes,30.79,c097,97,walking_through_a_doorway,Walking through a doorway,o014,doorway,v029,walk,0.0,13.9,13.9,0.0,15.9,15.9,book;clothes;doorway;table;towel,"A person is walking in the hallway holding a book and with a towel in thier shoulder, they then throw they towel on a table."
UKOAU,6RE8,Garage,7,7,Yes,30.38,c150,150,someone_is_running_somewhere,Someone is running somewhere,o000,None,v017,run,9.9,23.9,14.0,7.9,25.9,18.0,dish;doorway;phone;sink,This person is standing in front of a window washing dishes.  That same person then leaves the room and goes into another room and is talking on the phone.
V8GK6,WQ8Z,Recreation room / Man cave,7,7,Yes,31.92,c052,52,working_playing_on_a_laptop,Working/Playing on a laptop,o020,laptop,v014,play,0.0,33.0,33.0,0.0,31.92,31.92,laptop;light;sofa,A person is sitting on a cough typing on his laptop. He then turns around and turns off a light.
5NG8W,PKND,Bathroom,7,7,Yes,31.67,c051,51,watching_a_laptop_or_something_on_a_laptop,Watching a laptop or something on a laptop,o020,laptop,v031,watch,0.1,32.4,32.3,0.0,31.67,31.67,laptop;phone;toilet,A person is sitting on the toilet playing with a laptop on their lap and holding a phone.;A guy is sitting on the toilet and playing with a phone and a laptop while smiling.
DUEEE,DYEW,Kitchen,7,7,Yes,30.38,c147,147,someone_is_cooking_something,Someone is cooking something,o016,food,v002,cook,0.0,31.0,31.0,0.0,30.38,30.38,dish;food;phone;stove,A person is cooking on a stove they grab their phone and check it and then continue cooking.
K8DDR,UTMU,Garage,7,7,Yes,32.54,c107,107,holding_a_cup_glass_bottle_of_something,Holding a cup/glass/bottle of something,o010,cup/glass/bottle,v008,hold,0.0,34.0,34.0,0.0,32.54,32.54,cup;floor;glass;vacuum,"A person is using a vaccum, while drinking a glass of water."
VTYXW,T7C3,Kitchen,7,7,Yes,71.21,c110,110,taking_a_cup_glass_bottle_from_somewhere,Taking a cup/glass/bottle from somewhere,o010,cup/glass/bottle,v023,take,22.6,41.9,19.3,20.6,43.9,23.3,cup;door;food;glass;pitcher;pot;refrigerator;spoon;stove;water,A person is walking into a kitchen. The person opens the refrigerator and walks away. The person comes back and opens the refrigerator again and grabs a pitcher of water out of it and pours some into a glass. The person walks to the stove and stirs some food. The person walks away.;A person is opening the refrigerator door then pouring themselves a glass of water and cooking something on the stove.
0A8ZT,2Q9D,Bedroom,7,7,Yes,33.33,c109,109,putting_a_cup_glass_bottle_somewhere,Putting a cup/glass/bottle somewhere,o010,cup/glass/bottle,v016,put,10.6,27.3,16.7,8.6,29.3,20.7,cabinet;cup/glass/bottle;medicine;phone;shelf,"A person takes a dose of cough syrup, inspects the label on the bottle, sets the bottle on a shelf in a cabinet, and then takes their phone from their pocket and starts using it;A person a bottle of medicine form a shelf in a cabinet. They drink the medicine then look at the bottle. The person then begins to play on their phone."
SZTNV,0KZ7,Hallway,7,7,Yes,28.71,c065,65,eating_a_sandwich,Eating a sandwich,o029,sandwich,v005,eat,0.0,30.0,30.0,0.0,28.71,28.71,door;floor;food;sandwich,A person is standing and throwing things at the door.  Another person is sitting on the floor by the door eating a sandwich.
0UFI4,WQ8Z,Living room,7,7,Yes,46.96,c123,123,sitting_on_sofa_couch,Sitting on sofa/couch,o032,sofa/couch,v018,sit,12.8,47.1,34.3,10.8,46.96,36.16,clothes;couch;shoe;sofa;window,A person walks towards the window and looks out of it and then walks towards a couch and sits down to tie their shoes.;Person walks to the window look out sit on the sofa put on shoes and get up.
9W63D,UTMU,Closet / Walk-in closet / Spear closet,7,7,Yes,33.75,c125,125,sitting_on_the_floor,Sitting on the floor,o015,floor,v018,sit,0.0,35.0,35.0,0.0,33.75,33.75,camera;floor;paper/notebook;picture,"A person is sitting in a closet hugging a picture, while holding a camera."
WZRLQ,D0RU,Garage,7,7,Yes,34.88,c132,132,watching_television,Watching television,o034,television,v031,watch,0.0,36.0,36.0,0.0,34.88,34.88,chair;cup;dish;glass;shelf;television;water,"There is a person sitting in a chair flipping through T.V channels, then grabs a glass off the shelf"
FET0V,HR43,Bathroom,7,7,Yes,36.08,c106,106,drinking_from_a_cup_glass_bottle,Drinking from a cup/glass/bottle,o010,cup/glass/bottle,v004,drink,4.3,33.1,28.8,2.3,35.1,32.8,cup;glass;homework;laptop;paper,"A person is walking into the room, holding a laptop, a glass, and a piece of paper (homework). The person is looking at the laptop, talking, and laughing."
DBN7R,YMXV,Bedroom,7,7,Yes,30.71,c019,19,talking_on_a_phone_camera,Talking on a phone/camera,o025,phone/camera,v024,talk,0.0,32.0,32.0,0.0,30.71,30.71,bed;clothes;phone;wardrobe,"A person is sitting on the bed talking on their phone, they pick up some clothes and put them on a shelf then they lie down while still talking on the phone.;The person is talking on the phone while hanging clothes up."
G8O8P,P6LJ,Dining room,7,7,Yes,34.54,c015,15,holding_a_phone_camera,Holding a phone/camera,o025,phone/camera,v008,hold,0.0,36.0,36.0,0.0,34.54,34.54,door;hand;phone,A person walks to the closet and opens the door.  The person goes into the closet and then closes the door.  The person walks to a table with a phone in the person's hand.
XNR76,HR43,Bedroom,7,7,Yes,33.67,c016,16,playing_with_a_phone_camera,Playing with a phone/camera,o025,phone/camera,v014,play,0.0,32.5,32.5,0.0,33.67,33.67,bed;doorknob;phone,A person plays on their phone while sitting in bed.;A person is sitting on a bed texting on a phone. Then they get up off the bed and touch a doorknob.
5MYL4,6RE8,Bedroom,7,7,Yes,30.46,c156,156,someone_is_eating_something,Someone is eating something,o016,food,v005,eat,0.0,31.0,31.0,0.0,30.46,30.46,bag;bed;food;television,A person is sitting eating from a bag.;Person is sitting down on a bed eating out of a bag while watching television.
FPODN,WQ8Z,Recreation room / Man cave,7,7,Yes,34.58,c151,151,someone_is_going_from_standing_to_sitting,Someone is going from standing to sitting,o000,None,v018,sit,10.8,26.2,15.4,8.8,28.2,19.4,doorway;glass;laptop;sofa;table,A person carried a laptop and places it on a table and sips from a glass.
QDRWK,KQI6,Entryway (A hall that is generally located at the entrance of a house),7,7,Yes,29.5,c154,154,someone_is_standing_up_from_somewhere,Someone is standing up from somewhere,o000,None,v022,stand,0.0,30.0,30.0,0.0,29.5,29.5,book;door;floor;magazine;mop;shelf,"Person walks in door with mop, walks through hallway to kitchen, mops floor, picks up magazine and puts on shelf.;Person opens the door and walks into the home and begins sweeping the floor before placing a book on a shelf."
J26CF,YMXV,Recreation room / Man cave,7,7,Yes,37.25,c059,59,sitting_in_a_chair,Sitting in a chair,o007,chair,v018,sit,0.0,38.0,38.0,0.0,37.25,37.25,book;chair;laptop;table,Two people are sitting in a room together. One of them is using a laptop while the other is reading.
AHZWF,DXDI,Bathroom,7,7,Yes,28.0,c097,97,walking_through_a_doorway,Walking through a doorway,o014,doorway,v029,walk,0.0,13.7,13.7,0.0,15.7,15.7,coffee;cup;doorway,A person holding a cup of coffee is crouching in a doorway.  They stand up and pour the coffee into the bathtub.
WNW0S,PKND,Living room,7,7,Yes,31.62,c150,150,someone_is_running_somewhere,Someone is running somewhere,o000,None,v017,run,0.0,11.7,11.7,0.0,13.7,13.7,broom;floor,"A person runs around the room holding a broom then lies down on floor, leaning against a cabinet, while staring at the camera."
WA7WD,D0RU,Home Office / Study (A room in a house used for work),7,7,Yes,31.46,c052,52,working_playing_on_a_laptop,Working/Playing on a laptop,o020,laptop,v014,play,0.0,32.0,32.0,0.0,31.46,31.46,backpack;bag;container;dish;floor;food;laptop;sandwich,"a person laying on the floor, watching something on their laptop, goes in their bag, pulls out a container, opens it, takes out a sandwich and begins to eat it."
C6B3T,KQI6,Living room,7,7,Yes,31.21,c051,51,watching_a_laptop_or_something_on_a_laptop,Watching a laptop or something on a laptop,o020,laptop,v031,watch,0.0,32.0,32.0,0.0,31.21,31.21,bottle;desk;floor;laptop;table;water,"A person is sitting in front of a laptop, takes a drink of water, and laughs at what is on the screen of the laptop.;A person sits at a desk working on a laptop, they take a drink of water then wash their face with some and begin laughing."
OOCOF,AH2J,Kitchen,7,7,Yes,29.71,c147,147,someone_is_cooking_something,Someone is cooking something,o016,food,v002,cook,0.0,31.0,31.0,0.0,29.71,29.71,food;hand;refrigerator;shelf;sink;water,"A person walks in to a room opens a refrigerator door and moves stuff around,the person proceeds to turn and wash their hands in the sink."
ENCXV,DL3G,Home Office / Study (A room in a house used for work),7,7,Yes,32.25,c107,107,holding_a_cup_glass_bottle_of_something,Holding a cup/glass/bottle of something,o010,cup/glass/bottle,v008,hold,0.0,33.0,33.0,0.0,32.25,32.25,cup;desk;glass;medicine;water,A person gets a glass of water and then looks at some medication. The person takes the medication and then sets it on the desk and walks out of the room.
KZK6W,HR43,Kitchen,7,7,Yes,35.46,c110,110,taking_a_cup_glass_bottle_from_somewhere,Taking a cup/glass/bottle from somewhere,o010,cup/glass/bottle,v023,take,14.7,30.4,15.7,12.7,32.4,19.7,cup;food;glass;stove;water,"A person stands at a stove cooking some food.  They grab a bottle of oil, pour some into a pot and then put it back down. They take a glass of water from the counter and drink it."
KNN3G,0KZ7,Dining room,7,7,Yes,30.21,c109,109,putting_a_cup_glass_bottle_somewhere,Putting a cup/glass/bottle somewhere,o010,cup/glass/bottle,v016,put,0.0,12.9,12.9,0.0,14.9,14.9,coffee;cup;dish;food;glass;sandwich;table,"A person stacks some dishes on the table, then pours some coffee into a glass.  They drink the coffee, then sit down, place the coffee on the table and take some food from a plate and begin eating."
YVFBN,4I2W,Stairs,7,7,Yes,29.42,c065,65,eating_a_sandwich,Eating a sandwich,o029,sandwich,v005,eat,0.0,30.0,30.0,0.0,29.42,29.42,chair;food;sandwich;stair,"The person sat on the top of stair holding food,then ate some of the food.;A person is sitting on a chair eating a sandwich, then starts laughing while eating the sandWICH"
AHL6X,C7O9,Living room,7,7,Yes,33.08,c123,123,sitting_on_sofa_couch,Sitting on sofa/couch,o032,sofa/couch,v018,sit,0.0,34.0,34.0,0.0,33.08,33.08,food;phone;sofa;television,Two people are sitting on the sofa watching television and laughing. One person starts playing on their phone.
YXP9P,UTMU,Stairs,7,7,Yes,33.67,c125,125,sitting_on_the_floor,Sitting on the floor,o015,floor,v018,sit,0.0,35.0,35.0,0.0,33.67,33.67,box;floor;towel;wardrobe,A person squeezed and then picked out a kleenex out of a box and washed her wardrobe off with the kleenex
LOBSL,KASL,Recreation room / Man cave,7,7,Yes,36.25,c132,132,watching_television,Watching television,o034,television,v031,watch,2.7,37.0,34.3,0.7,36.25,35.55,chair;coffee;cup;desk;door;glass;laptop;television,"The person walked into the room and sat in the chair. The person then watched what was on the computer screens.;A person walks into a room, sits down in a chair and looks at a laptop. The person drinks coffee in a mug."
GNA1H,Q4IF,Home Office / Study (A room in a house used for work),7,7,Yes,29.88,c106,106,drinking_from_a_cup_glass_bottle,Drinking from a cup/glass/bottle,o010,cup/glass/bottle,v004,drink,0.0,24.4,24.4,0.0,26.4,26.4,book;chair;coffee;cup;homework;paper,A person paces while drinking coffee then sneezes. Another person is doing homework while seated at a table.
QHU9R,P6LJ,Living room,7,7,Yes,30.17,c019,19,talking_on_a_phone_camera,Talking on a phone/camera,o025,phone/camera,v024,talk,0.0,30.0,30.0,0.0,30.17,30.17,camera;clothes;phone;towel,The person is holding a towel while making a video call on their phone.
J1YJ6,6RE8,Garage,7,7,Yes,34.88,c015,15,holding_a_phone_camera,Holding a phone/camera,o025,phone/camera,v008,hold,1.0,36.0,35.0,0.0,34.88,34.88,chair;phone;window,"A person is looking out a window while holding their phone, they then sit in a chair and begin smiling and playing a game on their phone;A person walks in and opens a window. Then they sit and look at their phone."
S1QOX,KQI6,Recreation room / Man cave,7,7,Yes,30.83,c016,16,playing_with_a_phone_camera,Playing with a phone/camera,o025,phone/camera,v014,play,0.0,32.0,32.0,0.0,30.83,30.83,camera;phone;picture;sofa,"person talking to another person, takes picture with phone"
M8PXK,9Y7F,Dining room,7,7,Yes,30.08,c156,156,someone_is_eating_something,Someone is eating something,o016,food,v005,eat,0.0,31.0,31.0,0.0,30.08,30.08,broom;chair;floor;food;pillow;table,A person is sitting at a table eating food and another person comes to sweep the floor nearby
VSO80,YA10,Kitchen,7,7,Yes,31.5,c151,151,someone_is_going_from_standing_to_sitting,Someone is going from standing to sitting,o000,None,v018,sit,17.7,32.0,14.3,15.7,31.5,15.8,chair;dish;food;fridge;plate;refrigerator,"A person opens a refrigerator door and gets some food out. The person begins eating and then sits down in a chair.;A person opens the fridge, takes out a plate, and starts eating, then sits down in a chair."
FW1L0,D0RU,Kitchen,7,7,Yes,30.75,c154,154,someone_is_standing_up_from_somewhere,Someone is standing up from somewhere,o000,None,v022,stand,0.0,24.8,24.8,0.0,26.8,26.8,food;pot;stove,A person is getting some food from a pot. The person moves the pot and puts it on another counter.
KAKC6,T7C3,Home Office / Study (A room in a house used for work),7,7,Yes,36.79,c059,59,sitting_in_a_chair,Sitting in a chair,o007,chair,v018,sit,0.0,38.0,38.0,0.0,36.79,36.79,book;chair;cup;desk;table;water,person sits at their disk while drinking a glass of water. They seemed to be disturbed by something as this person continuously looks towards the door.;A person is sitting at a desk reading a book they look around and then pick up a glass and take a drink they look around again and then take another drink.
DKTVI,ZAWX,Kitchen,7,7,Yes,30.54,c097,97,walking_through_a_doorway,Walking through a doorway,o014,doorway,v029,walk,15.6,28.3,12.7,13.6,30.3,16.7,blanket;dish;doorway;food;towel,A person is playing with a towel.  Another person comes in the door and starts covering and uncovering dishes.;A person folds a towel while another person enters through a doorway and looks at food in various dishes.
10J88,BYF9,Dining room,7,7,Yes,20.17,c150,150,someone_is_running_somewhere,Someone is running somewhere,o000,None,v017,run,0.0,11.0,11.0,0.0,13.0,13.0,phone;table,Person is skipping around a table on the living room. they also begin to use their phone.
7HV9Q,C7O9,Kitchen,7,7,Yes,29.83,c052,52,working_playing_on_a_laptop,Working/Playing on a laptop,o020,laptop,v014,play,0.0,31.0,31.0,0.0,29.83,29.83,camera;laptop;table,A person stands at a table and opens a laptop to work on it.  A person next to them is playing with a camera.
Q6XGG,C7O9,Dining room,7,7,Yes,30.96,c051,51,watching_a_laptop_or_something_on_a_laptop,Watching a laptop or something on a laptop,o020,laptop,v031,watch,0.0,32.0,32.0,0.0,30.96,30.96,chair;food;laptop;sandwich;something,"two persons were in the room, one person sitting before the laptop and working, other person is standing and doing something with hands"
8Q0EY,F56T,Kitchen,7,7,Yes,31.58,c147,147,someone_is_cooking_something,Someone is cooking something,o016,food,v002,cook,0.0,30.0,30.0,0.0,31.58,31.58,food;spoon;stove;towel,A person is standing in a kitchen using a stove. The person puts a spoon in the pot and stirs it. The person then grabs a towel and removes the pot from the stove and moves it to the sink.
004QE,Z68L,Bathroom,7,7,Yes,30.58,c107,107,holding_a_cup_glass_bottle_of_something,Holding a cup/glass/bottle of something,o010,cup/glass/bottle,v008,hold,0.0,32.0,32.0,0.0,30.58,30.58,coffee;container;cup;doorway;food;medicine;toilet,"A person sits on a toilet holding a cup of coffee and a container of medicine, unscrews the lid of the container, then stands and takes a drink from the cup."
HIC67,OVEP,Living room,7,7,Yes,25.08,c110,110,taking_a_cup_glass_bottle_from_somewhere,Taking a cup/glass/bottle from somewhere,o010,cup/glass/bottle,v023,take,8.2,21.1,12.9,6.2,23.1,16.9,blanket;cup;dish;glass;sofa;water,"A person carries a blanket into the room, folds it and puts it on the sofa.  They pick up a glass of water from a table and drink it, then walk away."
2WGSN,WQ8Z,Kitchen,7,7,Yes,28.0,c109,109,putting_a_cup_glass_bottle_somewhere,Putting a cup/glass/bottle somewhere,o010,cup/glass/bottle,v016,put,0.0,12.2,12.2,0.0,14.2,14.2,cup;dish;glass;towel,A person drinks from a glass.
857S9,0KZ7,Dining room,7,7,Yes,34.5,c065,65,eating_a_sandwich,Eating a sandwich,o029,sandwich,v005,eat,7.9,36.0,28.1,5.9,34.5,28.6,chair;coffee;cup;dish;flowers;food;glass;sandwich;table,"A person is sitting at a table with flowers. After picking up the glass and drinking from it, the person finishes a bit of food that was on the table next to the glass.;The person is sitting at a dining room table smiling and drinking, and eating a sandwich."
MI4SN,WQ8Z,Living room,7,7,Yes,45.17,c123,123,sitting_on_sofa_couch,Sitting on sofa/couch,o032,sofa/couch,v018,sit,0.0,33.2,33.2,0.0,35.2,35.2,clothes;couch;jacket;sofa;window,"A person is laying on a couch. They get up and look out the window, then they take their jacket out.;A person is lying on a couch they get up look around go to the window open the window take off their jacket"
A80GG,YA10,Living room,7,7,Yes,32.71,c125,125,sitting_on_the_floor,Sitting on the floor,o015,floor,v018,sit,0.0,34.0,34.0,0.0,32.71,32.71,cushions;floor;sofa;vacuum,"A person is using the vacuum to clean the sofa, and removing the cushions. The person is then throwing the cushions off the sofa."
5VUQE,D0RU,Living room,7,7,Yes,30.92,c132,132,watching_television,Watching television,o034,television,v031,watch,0.0,32.0,32.0,0.0,30.92,30.92,box;napkin;remote;sofa;television,A person is laying down on a bed playing with a remove then turning on the television. The person then takes a napkin out of a box and wipes nose.
7WG7A,1TZV,Entryway (A hall that is generally located at the entrance of a house),7,7,Yes,30.92,c106,106,drinking_from_a_cup_glass_bottle,Drinking from a cup/glass/bottle,o010,cup/glass/bottle,v004,drink,0.0,23.0,23.0,0.0,25.0,25.0,coffee;cup;door;light,A person is holding a cup of coffee  and drinking it then turning off a light and walking out the door.
R2RBJ,C7O9,Bathroom,7,7,Yes,29.38,c019,19,talking_on_a_phone_camera,Talking on a phone/camera,o025,phone/camera,v024,talk,0.0,30.0,30.0,0.0,29.38,29.38,chair;kleenex;phone,A person is sitting and talking on the phone. The person grabs a kleenex quickly when they sneeze twice. Then they bring the phone back up to their ear.
OE751,1OHU,Closet / Walk-in closet / Spear closet,7,7,Yes,33.17,c015,15,holding_a_phone_camera,Holding a phone/camera,o025,phone/camera,v008,hold,0.0,34.0,34.0,0.0,33.17,33.17,blanket;closet;clothes;coat;door;phone,Person is talking on the phone. He grabs his coat and closes the closet.
UVMZ8,ZAWX,Laundry room,7,7,Yes,30.54,c016,16,playing_with_a_phone_camera,Playing with a phone/camera,o025,phone/camera,v014,play,0.0,32.0,32.0,0.0,30.54,30.54,coffee;cup;dish;light;phone,"A person holding a phone turns on a light switch and then continues to play with their phone. Then they pick up a coffee cup and drink from it.;A person walks down a hallway playing with their phone, and then turns on a light. They then lean on an appliance and drink some coffee."
K7HQG,9Y7F,Dining room,7,7,Yes,30.38,c156,156,someone_is_eating_something,Someone is eating something,o016,food,v005,eat,0.6,31.0,30.4,0.0,30.38,30.38,chair;dish;food;picture;table,A person is sitting in a chair at the table eating food. Another person is hanging a picture on a wall.;A person is at a table eating and drinking while another person is hanging a picture on the wall.
G4E4S,3H6W,Kitchen,7,7,Yes,60.67,c151,151,someone_is_going_from_standing_to_sitting,Someone is going from standing to sitting,o000,None,v018,sit,14.4,28.1,13.7,12.4,30.1,17.7,chair;closet door;closet/cabinet;clothes;shoe;table;washing machine,"A person is carrying clothes and goes to sit down to take off shoes then goes over to wash the clothes.;The person came to the kitchen carrying laundry put the laundry down,sat on a chair took off shoes get up put the laundry in washing machine"
XDT45,ID9V,Recreation room / Man cave,7,7,Yes,33.46,c154,154,someone_is_standing_up_from_somewhere,Someone is standing up from somewhere,o000,None,v022,stand,9.4,34.0,24.6,7.4,33.46,26.06,bed;blanket;door,"A person is sleeping on a bed. The person wakes up and gets out of the bed, tidying up the bed afterwards. The person walks out of the room, only to return a moment later."
1ROX7,P3TI,Dining room,7,7,Yes,36.08,c059,59,sitting_in_a_chair,Sitting in a chair,o007,chair,v018,sit,0.0,37.0,37.0,0.0,36.08,36.08,chair;food;glass;table;towel,"A person is sitting at a table eating some food, they then grab a towel and begin tidying a glass. They throw the glass.;A person is sitting at a table eating and throwing a ball."
WLA52,G6WD,Closet / Walk-in closet / Spear closet,7,7,Yes,35.08,c097,97,walking_through_a_doorway,Walking through a doorway,o014,doorway,v029,walk,17.5,30.2,12.7,15.5,32.2,16.7,blanket;broom;clothes;doorway,A person is holding a blanket. The person then puts down the blanket and picks up a broom.
D3EY0,A8P9,Laundry room,7,7,Yes,18.5,c150,150,someone_is_running_somewhere,Someone is running somewhere,o000,None,v017,run,7.3,18.0,10.7,5.3,18.5,13.2,cup;dish;door;glass,A person enters a laundry room holding a cup and plate and walks around in circles. They then exit through another door.
CB42N,DXDI,Hallway,7,7,Yes,30.46,c052,52,working_playing_on_a_laptop,Working/Playing on a laptop,o020,laptop,v014,play,0.0,31.0,31.0,0.0,30.46,30.46,chair;computer;glass;laptop;sneeze;water,"Person sitting in chair, typing on computer, sneezes, picks up glass, drinks out and place back on floor. Then went back to typing."
W86JJ,1OHU,Closet / Walk-in closet / Spear closet,7,7,Yes,30.75,c051,51,watching_a_laptop_or_something_on_a_laptop,Watching a laptop or something on a laptop,o020,laptop,v031,watch,0.0,32.0,32.0,0.0,30.75,30.75,box;laptop,One person is putting something in a box and another is working on a laptop in a bathroom.
HSSOZ,AH2J,Kitchen,7,7,Yes,34.0,c147,147,someone_is_cooking_something,Someone is cooking something,o016,food,v002,cook,0.0,29.6,29.6,0.0,31.6,31.6,dish;food;pot;sink;spoon;stove,A person turns the stove on and then stirs something inside the pot. They add some spices and then continue stirring. When finished they turn the stove off and put the dish in the sink.
21E40,C7O9,Laundry room,7,7,Yes,30.92,c107,107,holding_a_cup_glass_bottle_of_something,Holding a cup/glass/bottle of something,o010,cup/glass/bottle,v008,hold,0.0,32.0,32.0,0.0,30.92,30.92,blanket;coffee;cup;doorway;towel,A person drinks from a cup while another grabs some towels.
SCHOY,3H6W,Bathroom,7,7,Yes,30.33,c110,110,taking_a_cup_glass_bottle_from_somewhere,Taking a cup/glass/bottle from somewhere,o010,cup/glass/bottle,v023,take,4.1,16.3,12.2,2.1,18.3,16.2,clothes;cup;door;glass;jacket;light,A person takes off their jacket and drinks a glass of water before turning off a light.;A person is taking off their jacket they picked up a glass of water took a drink then dumped the rest out in the sink. then they left the room and turned off the lights.
3GNH7,ZSRZ,Kitchen,7,7,Yes,15.46,c109,109,putting_a_cup_glass_bottle_somewhere,Putting a cup/glass/bottle somewhere,o010,cup/glass/bottle,v016,put,0.0,10.1,10.1,0.0,12.1,12.1,bread;cup/glass/bottle;dish;food;pan;sandwich;stove;water,A person is standing at a stove and pours water into a pan. Then the person picks up two slices of bread.
8Y7P5,0KZ7,Garage,7,7,Yes,28.75,c065,65,eating_a_sandwich,Eating a sandwich,o029,sandwich,v005,eat,2.0,30.0,28.0,0.0,28.75,28.75,chair;door;food;sandwich,One person runs out of the garage while another stays sitting in the garage and eats.;One person ran out of the door and the other person sat on a chair and ate a sandwich.
X3KFE,D0RU,Recreation room / Man cave,7,7,Yes,31.83,c123,123,sitting_on_sofa_couch,Sitting on sofa/couch,o032,sofa/couch,v018,sit,0.0,33.0,33.0,0.0,31.83,31.83,bed;camera;cup;glass;phone;picture;sofa;table;water,"A person is sitting on a sofa and takes a picture of theirself with a black camera. Then they hold up a glass of water, smile, and take a drink before setting the can back down. Then the person continues to look at the camera.;A person is sitting on a sofa taking a picture of themselves and smiling, they then hold a cup in the air and take a drink."
LVLVR,T7C3,Pantry,7,7,Yes,32.71,c125,125,sitting_on_the_floor,Sitting on the floor,o015,floor,v018,sit,0.0,34.0,34.0,0.0,32.71,32.71,bag;banana;floor;food,A person sitting on the floor takes a banana out of a grocery bag and eats it.
PSPMA,BYF9,Living room,7,7,Yes,31.25,c132,132,watching_television,Watching television,o034,television,v031,watch,0.0,32.0,32.0,0.0,31.25,31.25,chair;dish;food;shoe;television,A person sitting in a chair watching television puts on shoes and then eats food.
S9SRM,2Q9D,Bedroom,7,7,Yes,31.42,c106,106,drinking_from_a_cup_glass_bottle,Drinking from a cup/glass/bottle,o010,cup/glass/bottle,v004,drink,9.5,32.0,22.5,7.5,31.42,23.92,chair;coffee;cup;dish;door,A person is walking into their bedroom sitting on a chair drinking coffee.
BVS38,0KZ7,Laundry room,7,7,Yes,28.04,c019,19,talking_on_a_phone_camera,Talking on a phone/camera,o025,phone/camera,v024,talk,0.0,29.0,29.0,0.0,28.04,28.04,clothes;detergent;phone;washing machine,A person is putting clothes in the washer. Another person is standing and talking on the phone.
ZVMAY,18IT,Living room,7,7,Yes,41.79,c015,15,holding_a_phone_camera,Holding a phone/camera,o025,phone/camera,v008,hold,0.0,33.8,33.8,0.0,35.8,35.8,cup;door;floor;glass;phone;pic;water,"The person in the video is smiling, while he getting something to drink, then takes a knee to the ground.;person walks in the house while looking at their phone and laughing. They then get a glass of water and kneel while drinking it ."
95HQC,PKND,Bedroom,7,7,Yes,29.92,c016,16,playing_with_a_phone_camera,Playing with a phone/camera,o025,phone/camera,v014,play,0.0,31.0,31.0,0.0,29.92,29.92,cabinet;camera;clothes;phone;shirt;wardrobe,a person looks at their phone then takes off their shirt opens a cabinet and takes a selfie;Person standing looking at phone while taking off shirt and filming it.
JW2HC,YA10,Bedroom,7,7,Yes,30.42,c156,156,someone_is_eating_something,Someone is eating something,o016,food,v005,eat,0.7,31.0,30.3,0.0,30.42,30.42,bed;book;doorway;food;homework;paper;pen;sandwich,"A person runs into a room holding a book and eating a sandwich.  They lay the book on a bed and start writing in it.;person entered the room by eating sandwich and reading a book, kept that book on the bed and took a pen and marking something in the book"
RNCN8,T7C3,Dining room,7,7,Yes,29.38,c151,151,someone_is_going_from_standing_to_sitting,Someone is going from standing to sitting,o000,None,v018,sit,17.9,30.0,12.1,15.9,29.38,13.48,floor;laptop;mirror;phone/camera;picture;table,A person is holding a picture. A person then opens a laptop and lies down on the floor.;A person is looking at themselves in a mirror.  They then pickup their laptop and lay down on the floor with it. They open up the laptop and begin to work on it.
OSCS2,1TZV,Bedroom,7,7,Yes,35.58,c154,154,someone_is_standing_up_from_somewhere,Someone is standing up from somewhere,o000,None,v022,stand,8.5,31.4,22.9,6.5,33.4,26.9,bed;blanket;clothes;pillow;window,"The person awoke from bed holding a blanket. The person set down the blanket and got dressed. The person then moved to the window to look outside.;A person is laying in bed  holding a pillow, they then get up and star dressing themselves in front of a mirror."
55DDW,D0RU,Recreation room / Man cave,7,7,Yes,38.75,c059,59,sitting_in_a_chair,Sitting in a chair,o007,chair,v018,sit,3.4,40.0,36.6,1.4,38.75,37.35,book;chair;desk;laptop;table,"A person is seated at a desk, head on a book and sleeping (with eyes open). The person then awakens and smiles as the belly is exposed.;A person is sitting in a chair reading a book in front of a laptop."
1Q4SL,FNK4,Bathroom,7,7,Yes,30.88,c097,97,walking_through_a_doorway,Walking through a doorway,o014,doorway,v029,walk,20.1,32.0,11.9,18.1,30.88,12.78,cup;door;glass;hair;light;mirror;shoe;soda can;water,"A person laughs drinks and drinks Coke while seated on a sink, then stands and looks at themselves in a mirror before picking up shoes from the floor,  opening a door, turning off a light, and walking out of the room.;A person is sitting in a bathroom drinking some water from a glass and laughing, they then look at themselves in a mirror, pick up some shoes, and leave."
VIKQG,54JK,Living room,7,7,Yes,19.08,c150,150,someone_is_running_somewhere,Someone is running somewhere,o000,None,v017,run,9.5,20.0,10.5,7.5,19.08,11.58,shoe,A person runs into the room picks up shoes and runs back out
MCNRZ,QB52,Dining room,7,7,Yes,30.04,c052,52,working_playing_on_a_laptop,Working/Playing on a laptop,o020,laptop,v014,play,0.0,31.0,31.0,0.0,30.04,30.04,chair;coffee;cup;dish;laptop;table,A person sitting at a table fixes a laptop. The person drinks from a coffee cup and sets it back on the table.
372CC,6RE8,Recreation room / Man cave,7,7,Yes,30.5,c051,51,watching_a_laptop_or_something_on_a_laptop,Watching a laptop or something on a laptop,o020,laptop,v031,watch,0.0,31.0,31.0,0.0,30.5,30.5,chair;desktop;laptop;table,"A person is sitting in front of a computer sneezing.;This person is sitting at a desk, watching something on laptop and then starts to sneeze."
L8Y8D,G6WD,Kitchen,7,7,Yes,54.71,c147,147,someone_is_cooking_something,Someone is cooking something,o016,food,v002,cook,0.0,29.1,29.1,0.0,31.1,31.1,closet/cabinet;cup;dish;food;glass;pan;refrigerator;spoon;stove;water,"Person stirs food on the stove, turns and gets a glas out of the cupboard and then goes to the refrigerator, gets some water, and drinks it;A person is standing in front of a stove, using a spatula to cook food in a pan. After a few seconds, the person turns around grabs a class, and fills it with water from the refrigerator and closing it."
JG7BS,C7O9,Pantry,7,7,Yes,30.62,c107,107,holding_a_cup_glass_bottle_of_something,Holding a cup/glass/bottle of something,o010,cup/glass/bottle,v008,hold,0.0,32.0,32.0,0.0,30.62,30.62,bottle;glass;shelf;vacuum,"Person #1 is standing in the pantry pouring a drink, then drinking from the glass and placing the bottle on a shelf. Person #2 is standing just outside the pantry leaning on a vacuum, watching the other person."
9X6DL,0KZ7,Stairs,7,7,Yes,26.25,c110,110,taking_a_cup_glass_bottle_from_somewhere,Taking a cup/glass/bottle from somewhere,o010,cup/glass/bottle,v023,take,15.0,27.0,12.0,13.0,26.25,13.25,book;cup;glass;phone;steps;water,"A person is sitting against a wall on some steps while reading a book. The person picks up a cell phone and looks at it and then places it on one of the steps. The person then picks up a glass of water, takes a drink and sets it back down onto the step."
QNHM7,ID9V,Garage,7,7,Yes,26.0,c109,109,putting_a_cup_glass_bottle_somewhere,Putting a cup/glass/bottle somewhere,o010,cup/glass/bottle,v016,put,10.1,19.2,9.1,8.1,21.2,13.1,coffee;cup;dish;glass;shelf;table,A person is running in a garage. They pick up a cup of coffee from a shelf and drink it before putting it on a table.
CN5G4,T7C3,Dining room,7,7,Yes,43.92,c065,65,eating_a_sandwich,Eating a sandwich,o029,sandwich,v005,eat,0.0,27.9,27.9,0.0,29.9,29.9,cabinet;chair;food;medicine;sandwich;table,"The person is eating a sandwich then gets up to get their pills and falls.;A person eats a sandwich while sitting at the table. They get up to leave and fall over, then grab some medicine from a cabinet."
IR31O,FNK4,Living room,7,7,Yes,30.96,c123,123,sitting_on_sofa_couch,Sitting on sofa/couch,o032,sofa/couch,v018,sit,0.0,32.0,32.0,0.0,30.96,30.96,book;couch;cup;glass;lamp;sofa;table;woman,A woman sitting with a book and grabbing a glass and taking a drink.;A person is sitting down on the sofa reading a book and drinking a glass of water.
WMBOO,ZAWX,Pantry,7,7,Yes,33.29,c125,125,sitting_on_the_floor,Sitting on the floor,o015,floor,v018,sit,0.0,33.8,33.8,0.0,33.29,33.29,cabinet;door;floor;food;groceries;shelf;towel,"A person sitting on the floor opens a cabinet, puts some items on the shelf, closes the cabinet, gets up and walks away."
8AT69,2RTW,Living room,7,7,Yes,30.46,c132,132,watching_television,Watching television,o034,television,v031,watch,0.0,31.0,31.0,0.0,30.46,30.46,blanket;sofa;television,A person sits on the sofa covered with a blanket and watches tv.
V34GF,0KZ7,Dining room,7,7,Yes,20.83,c106,106,drinking_from_a_cup_glass_bottle,Drinking from a cup/glass/bottle,o010,cup/glass/bottle,v004,drink,0.0,19.5,19.5,0.0,20.83,20.83,counter;cup;dish;doorway;glass;table;water,"A person is standing drinking a glass of water. They put the glass on a counter and walk out of the room.;A person is standing in a doorway, drinking from a glass. They put it down on the counter and walk away."
B5R5B,PKND,Hallway,7,7,Yes,31.38,c019,19,talking_on_a_phone_camera,Talking on a phone/camera,o025,phone/camera,v024,talk,4.4,32.0,27.6,2.4,31.38,28.98,door;food;phone;sandwich;stairs,a person runs in and talks on the phone while holding food;A person runs inside excitedly with a sandwich in hand and pulls out their phone and has a conversation.
5HJ2H,EA2K,Stairs,7,7,Yes,31.92,c015,15,holding_a_phone_camera,Holding a phone/camera,o025,phone/camera,v008,hold,0.0,33.0,33.0,0.0,31.92,31.92,bag;floor;food;phone;sandwich;shoe,"A person tidies items from the stairs while attempting to ascend them, all while eating a sandwich.;A person walks up the stairs while holding a phone and eating a sandwich. The person moves around items on the stairs, including a pair of shoes."
FACX2,CO1W,Bedroom,7,7,Yes,30.46,c016,16,playing_with_a_phone_camera,Playing with a phone/camera,o025,phone/camera,v014,play,0.0,31.0,31.0,0.0,30.46,30.46,bed;camera;phone;screwdriver,Using a screwdriver on a camera while laying in bed
V2DAA,4OHY,Living room,7,7,Yes,29.5,c156,156,someone_is_eating_something,Someone is eating something,o016,food,v005,eat,0.0,30.0,30.0,0.0,29.5,29.5,chair;food;pillow,A person is sitting in a chair eating. The person sneezes and then grabs a pillow.;Person sitting in a chair while eating some food then put a pillow in the chair.
DLQIT,PO5L,Basement (A room below the ground floor),7,7,Yes,38.25,c151,151,someone_is_going_from_standing_to_sitting,Someone is going from standing to sitting,o000,None,v018,sit,5.1,16.6,11.5,3.1,18.6,15.5,book;chair;cup;glass;paper,"The person walked to the end of the hall and sat on a chair, poured water into a glass took a drink and then briefly looked at a book before getting back up.;a person goes and sits on a chair and pours themselves a drink then does some work"
5VJ1X,3H6W,Bathroom,7,7,Yes,29.04,c154,154,someone_is_standing_up_from_somewhere,Someone is standing up from somewhere,o000,None,v022,stand,0.5,20.9,20.4,0.0,22.9,22.9,chair;cup;dish;glass;hand;sink;towel;water,"A young man walking into the bathroom, washing his hands, drying them, and then drinking a glass of water."
491X2,KFGP,Home Office / Study (A room in a house used for work),7,7,Yes,35.29,c059,59,sitting_in_a_chair,Sitting in a chair,o007,chair,v018,sit,0.0,36.0,36.0,0.0,35.29,35.29,chair;desk;laptop;table;towel,A person sitting at a desk is working on a laptop. They stop to tidy the desk.
WPPAT,WQ8Z,Living room,7,7,Yes,27.38,c097,97,walking_through_a_doorway,Walking through a doorway,o014,doorway,v029,walk,4.2,16.1,11.9,2.2,18.1,15.9,cabinet;doorway,A person opens a cabinet and takes something out of it.
AM3R2,L4ZP,Living room,7,7,Yes,26.04,c150,150,someone_is_running_somewhere,Someone is running somewhere,o000,None,v017,run,0.0,10.4,10.4,0.0,12.4,12.4,blanket;cup;mug;pillow;sofa,A person runs around a room holding a pillow and mug. The person throws the pillow down and then sits down on a sofa.;A person runs around the room with a blanket and a cup and then sits on the sofa.
SU2UY,0RNU,Garage,7,7,Yes,30.0,c052,52,working_playing_on_a_laptop,Working/Playing on a laptop,o020,laptop,v014,play,0.0,31.0,31.0,0.0,30.0,30.0,cup/glass/bottle;drink;floor;laptop;pillow,A person is sitting on a pillow while working on a laptop.  They occasionally have something to drink.
VXNGC,CO1W,Stairs,7,7,Yes,30.29,c051,51,watching_a_laptop_or_something_on_a_laptop,Watching a laptop or something on a laptop,o020,laptop,v031,watch,0.0,31.0,31.0,0.0,30.29,30.29,blanket;laptop,The person is standing on the stairs with a blanket on their back. They are smiling as they work on their laptop.
622EX,2RTW,Living room,7,7,Yes,30.25,c147,147,someone_is_cooking_something,Someone is cooking something,o016,food,v002,cook,0.0,26.1,26.1,0.0,28.1,28.1,bed;food;pillow;pot;television,"This person is mixing something while standing in the living room, watching television, sets down the pot, picks up a pillow and tosses it."
4O32W,2Q9D,Pantry,7,7,Yes,30.33,c107,107,holding_a_cup_glass_bottle_of_something,Holding a cup/glass/bottle of something,o010,cup/glass/bottle,v008,hold,0.0,31.0,31.0,0.0,30.33,30.33,cup;doorway;glass;shoe;water,A person is holding shoes and drinking water in front of a pantry
TE5P7,WG9D,Pantry,7,7,Yes,17.12,c110,110,taking_a_cup_glass_bottle_from_somewhere,Taking a cup/glass/bottle from somewhere,o010,cup/glass/bottle,v023,take,5.8,17.8,12.0,3.8,17.12,13.32,bottle;counter;food;glass;refrigerator,"a person getting a bottle out of a refrigerator, pouring a drink in a glass and drinking it then sitting the bottle and glass on a counter"
WSLMS,D0RU,Hallway,7,7,Yes,30.62,c109,109,putting_a_cup_glass_bottle_somewhere,Putting a cup/glass/bottle somewhere,o010,cup/glass/bottle,v016,put,16.4,24.9,8.5,14.4,26.9,12.5,can;cup;dish;doorway;floor;glass;shoe,"The person walks out the room while drinking. When done, the person puts down the glass and takes off shoes"
XECIL,UTJM,Pantry,7,7,Yes,32.92,c065,65,eating_a_sandwich,Eating a sandwich,o029,sandwich,v005,eat,0.0,27.5,27.5,0.0,29.5,29.5,bag;cabinet;chips;food;napkin;sandwich;towel,"Person eats sandwich, open cabinet, grab food out, pours food on plate, puts food away, grabs napkin, wipe mouth."
DNWCR,70CN,Living room,7,7,Yes,30.92,c123,123,sitting_on_sofa_couch,Sitting on sofa/couch,o032,sofa/couch,v018,sit,0.7,32.0,31.3,0.0,30.92,30.92,couch;phone;shoe;sofa,"A person runs into the living room while carrying shoes, sits on the couch, and puts on the shoes.;A person runs through a living room, sits down on a couch, setting a phone down. The person then begins putting on shoes."
8ENLP,Z68L,Bedroom,7,7,Yes,31.21,c125,125,sitting_on_the_floor,Sitting on the floor,o015,floor,v018,sit,0.0,32.0,32.0,0.0,31.21,31.21,blanket;clothes;floor;jacket;pillow;shoe;towel,"person is sitting on floor, puts towel on head, takes off shoes and jacket.;There is a person sitting on the floor holding a pillow.  That same person then puts a towel over their head and takes off a sweater."
92NRK,QB52,Home Office / Study (A room in a house used for work),7,7,Yes,30.42,c132,132,watching_television,Watching television,o034,television,v031,watch,0.0,31.0,31.0,0.0,30.42,30.42,blanket;chair;food;television;towel,"A person sits in a chair, cuddling with a blanket and eating.;A person is sitting in a chair, snuggling with a towel.  The person is also eating some food."
