clip_id,video_id,action_id,action_name,start_seconds,end_seconds,clip_start_seconds,clip_end_seconds,clip_duration_seconds,source_video,clip_path,status,error
8BG1T_c106_t5.60_45.46,8BG1T,c106,Drinking from a cup/glass/bottle,7.6,43.7,5.6,45.46,39.86,data/charades/videos_480p/8BG1T.mp4,data/charades/clips_480p_200/8BG1T_c106_t5.60_45.46.mp4,sliced,
OINMN_c019_t0.00_45.25,OINMN,c019,Talking on a phone/camera,0.0,46.0,0.0,45.25,45.25,data/charades/videos_480p/OINMN.mp4,data/charades/clips_480p_200/OINMN_c019_t0.00_45.25.mp4,sliced,
024PD_c015_t0.00_59.04,024PD,c015,Holding a phone/camera,0.0,60.0,0.0,59.04,59.04,data/charades/videos_480p/024PD.mp4,data/charades/clips_480p_200/024PD_c015_t0.00_59.04.mp4,sliced,
EHTB6_c016_t0.00_41.00,EHTB6,c016,Playing with a phone/camera,0.0,42.0,0.0,41.0,41.0,data/charades/videos_480p/EHTB6.mp4,data/charades/clips_480p_200/EHTB6_c016_t0.00_41.00.mp4,sliced,
B5UXP_c156_t0.00_53.00,B5UXP,c156,Someone is eating something,0.0,54.0,0.0,53.0,53.0,data/charades/videos_480p/B5UXP.mp4,data/charades/clips_480p_200/B5UXP_c156_t0.00_53.00.mp4,sliced,
P0DXX_c151_t6.20_33.40,P0DXX,c151,Someone is going from standing to sitting,8.2,31.4,6.2,33.4,27.2,data/charades/videos_480p/P0DXX.mp4,data/charades/clips_480p_200/P0DXX_c151_t6.20_33.40.mp4,sliced,
FVPMC_c154_t0.00_35.25,FVPMC,c154,Someone is standing up from somewhere,0.0,36.0,0.0,35.25,35.25,data/charades/videos_480p/FVPMC.mp4,data/charades/clips_480p_200/FVPMC_c154_t0.00_35.25.mp4,sliced,
CY2J2_c059_t0.00_50.83,CY2J2,c059,Sitting in a chair,0.0,52.0,0.0,50.83,50.83,data/charades/videos_480p/CY2J2.mp4,data/charades/clips_480p_200/CY2J2_c059_t0.00_50.83.mp4,sliced,
BGX4T_c097_t0.00_23.42,BGX4T,c097,Walking through a doorway,0.0,24.0,0.0,23.42,23.42,data/charades/videos_480p/BGX4T.mp4,data/charades/clips_480p_200/BGX4T_c097_t0.00_23.42.mp4,sliced,
S1BYH_c150_t0.00_28.04,S1BYH,c150,Someone is running somewhere,0.0,29.0,0.0,28.04,28.04,data/charades/videos_480p/S1BYH.mp4,data/charades/clips_480p_200/S1BYH_c150_t0.00_28.04.mp4,sliced,
4FXUI_c052_t0.00_43.20,4FXUI,c052,Working/Playing on a laptop,0.0,41.2,0.0,43.2,43.2,data/charades/videos_480p/4FXUI.mp4,data/charades/clips_480p_200/4FXUI_c052_t0.00_43.20.mp4,sliced,
ZCH1J_c051_t0.00_44.58,ZCH1J,c051,Watching a laptop or something on a laptop,0.0,46.0,0.0,44.58,44.58,data/charades/videos_480p/ZCH1J.mp4,data/charades/clips_480p_200/ZCH1J_c051_t0.00_44.58.mp4,sliced,
JUF24_c147_t0.00_37.08,JUF24,c147,Someone is cooking something,0.0,38.0,0.0,37.08,37.08,data/charades/videos_480p/JUF24.mp4,data/charades/clips_480p_200/JUF24_c147_t0.00_37.08.mp4,sliced,
6TNP4_c107_t0.90_44.58,6TNP4,c107,Holding a cup/glass/bottle of something,2.9,46.0,0.9,44.58,43.68,data/charades/videos_480p/6TNP4.mp4,data/charades/clips_480p_200/6TNP4_c107_t0.90_44.58.mp4,sliced,
PURYC_c110_t0.00_33.71,PURYC,c110,Taking a cup/glass/bottle from somewhere,1.2,35.0,0.0,33.71,33.71,data/charades/videos_480p/PURYC.mp4,data/charades/clips_480p_200/PURYC_c110_t0.00_33.71.mp4,sliced,
1Y09V_c109_t0.00_30.79,1Y09V,c109,Putting a cup/glass/bottle somewhere,0.0,32.0,0.0,30.79,30.79,data/charades/videos_480p/1Y09V.mp4,data/charades/clips_480p_200/1Y09V_c109_t0.00_30.79.mp4,sliced,
HG8G1_c065_t0.00_36.83,HG8G1,c065,Eating a sandwich,0.0,38.0,0.0,36.83,36.83,data/charades/videos_480p/HG8G1.mp4,data/charades/clips_480p_200/HG8G1_c065_t0.00_36.83.mp4,sliced,
ZP5TG_c123_t0.00_42.46,ZP5TG,c123,Sitting on sofa/couch,0.0,43.0,0.0,42.46,42.46,data/charades/videos_480p/ZP5TG.mp4,data/charades/clips_480p_200/ZP5TG_c123_t0.00_42.46.mp4,sliced,
L57L2_c125_t22.10_123.70,L57L2,c125,Sitting on the floor,24.1,121.7,22.1,123.7,101.6,data/charades/videos_480p/L57L2.mp4,data/charades/clips_480p_200/L57L2_c125_t22.10_123.70.mp4,sliced,
3HUXR_c132_t0.00_41.62,3HUXR,c132,Watching television,0.0,43.0,0.0,41.62,41.62,data/charades/videos_480p/3HUXR.mp4,data/charades/clips_480p_200/3HUXR_c132_t0.00_41.62.mp4,sliced,
38TF8_c106_t0.00_31.50,38TF8,c106,Drinking from a cup/glass/bottle,0.0,33.0,0.0,31.5,31.5,data/charades/videos_480p/38TF8.mp4,data/charades/clips_480p_200/38TF8_c106_t0.00_31.50.mp4,sliced,
QU2WL_c019_t0.00_34.21,QU2WL,c019,Talking on a phone/camera,0.0,35.0,0.0,34.21,34.21,data/charades/videos_480p/QU2WL.mp4,data/charades/clips_480p_200/QU2WL_c019_t0.00_34.21.mp4,sliced,
ENJ7V_c015_t0.00_39.79,ENJ7V,c015,Holding a phone/camera,0.0,41.0,0.0,39.79,39.79,data/charades/videos_480p/ENJ7V.mp4,data/charades/clips_480p_200/ENJ7V_c015_t0.00_39.79.mp4,sliced,
75HWR_c016_t0.00_37.00,75HWR,c016,Playing with a phone/camera,0.0,38.0,0.0,37.0,37.0,data/charades/videos_480p/75HWR.mp4,data/charades/clips_480p_200/75HWR_c016_t0.00_37.00.mp4,sliced,
7JTEK_c156_t0.00_35.29,7JTEK,c156,Someone is eating something,0.0,36.0,0.0,35.29,35.29,data/charades/videos_480p/7JTEK.mp4,data/charades/clips_480p_200/7JTEK_c156_t0.00_35.29.mp4,sliced,
7WIKW_c151_t17.10_42.10,7WIKW,c151,Someone is going from standing to sitting,19.1,40.1,17.1,42.1,25.0,data/charades/videos_480p/7WIKW.mp4,data/charades/clips_480p_200/7WIKW_c151_t17.10_42.10.mp4,sliced,
1LKPL_c154_t0.00_33.58,1LKPL,c154,Someone is standing up from somewhere,0.0,35.0,0.0,33.58,33.58,data/charades/videos_480p/1LKPL.mp4,data/charades/clips_480p_200/1LKPL_c154_t0.00_33.58.mp4,sliced,
229ZR_c059_t0.00_40.42,229ZR,c059,Sitting in a chair,0.0,41.0,0.0,40.42,40.42,data/charades/videos_480p/229ZR.mp4,data/charades/clips_480p_200/229ZR_c059_t0.00_40.42.mp4,sliced,
STAZI_c097_t0.00_19.10,STAZI,c097,Walking through a doorway,0.0,17.1,0.0,19.1,19.1,data/charades/videos_480p/STAZI.mp4,data/charades/clips_480p_200/STAZI_c097_t0.00_19.10.mp4,sliced,
M0DAY_c150_t0.00_24.83,M0DAY,c150,Someone is running somewhere,0.0,26.0,0.0,24.83,24.83,data/charades/videos_480p/M0DAY.mp4,data/charades/clips_480p_200/M0DAY_c150_t0.00_24.83.mp4,sliced,
NDH24_c052_t0.00_36.38,NDH24,c052,Working/Playing on a laptop,0.0,37.0,0.0,36.38,36.38,data/charades/videos_480p/NDH24.mp4,data/charades/clips_480p_200/NDH24_c052_t0.00_36.38.mp4,sliced,
YVH4J_c051_t0.00_38.30,YVH4J,c051,Watching a laptop or something on a laptop,0.0,36.3,0.0,38.3,38.3,data/charades/videos_480p/YVH4J.mp4,data/charades/clips_480p_200/YVH4J_c051_t0.00_38.30.mp4,sliced,
BPZE3_c147_t0.00_35.12,BPZE3,c147,Someone is cooking something,0.0,36.0,0.0,35.12,35.12,data/charades/videos_480p/BPZE3.mp4,data/charades/clips_480p_200/BPZE3_c147_t0.00_35.12.mp4,sliced,
GY9MZ_c107_t0.00_35.17,GY9MZ,c107,Holding a cup/glass/bottle of something,0.0,36.0,0.0,35.17,35.17,data/charades/videos_480p/GY9MZ.mp4,data/charades/clips_480p_200/GY9MZ_c107_t0.00_35.17.mp4,sliced,
A1NKP_c110_t0.00_30.75,A1NKP,c110,Taking a cup/glass/bottle from somewhere,0.0,32.0,0.0,30.75,30.75,data/charades/videos_480p/A1NKP.mp4,data/charades/clips_480p_200/A1NKP_c110_t0.00_30.75.mp4,sliced,
PCXYE_c109_t0.00_28.40,PCXYE,c109,Putting a cup/glass/bottle somewhere,0.0,26.4,0.0,28.4,28.4,data/charades/videos_480p/PCXYE.mp4,data/charades/clips_480p_200/PCXYE_c109_t0.00_28.40.mp4,sliced,
R28EY_c065_t0.00_30.67,R28EY,c065,Eating a sandwich,0.9,32.0,0.0,30.67,30.67,data/charades/videos_480p/R28EY.mp4,data/charades/clips_480p_200/R28EY_c065_t0.00_30.67.mp4,sliced,
VSFCR_c123_t0.00_37.88,VSFCR,c123,Sitting on sofa/couch,0.0,39.0,0.0,37.88,37.88,data/charades/videos_480p/VSFCR.mp4,data/charades/clips_480p_200/VSFCR_c123_t0.00_37.88.mp4,sliced,
24B2K_c125_t6.50_51.50,24B2K,c125,Sitting on the floor,8.5,49.5,6.5,51.5,45.0,data/charades/videos_480p/24B2K.mp4,data/charades/clips_480p_200/24B2K_c125_t6.50_51.50.mp4,sliced,
1BUFQ_c132_t0.00_40.25,1BUFQ,c132,Watching television,0.0,41.0,0.0,40.25,40.25,data/charades/videos_480p/1BUFQ.mp4,data/charades/clips_480p_200/1BUFQ_c132_t0.00_40.25.mp4,sliced,
U9UI8_c106_t0.00_30.54,U9UI8,c106,Drinking from a cup/glass/bottle,0.0,32.0,0.0,30.54,30.54,data/charades/videos_480p/U9UI8.mp4,data/charades/clips_480p_200/U9UI8_c106_t0.00_30.54.mp4,sliced,
M8CDW_c019_t0.00_32.79,M8CDW,c019,Talking on a phone/camera,0.0,34.0,0.0,32.79,32.79,data/charades/videos_480p/M8CDW.mp4,data/charades/clips_480p_200/M8CDW_c019_t0.00_32.79.mp4,sliced,
Y6MUU_c015_t0.00_39.00,Y6MUU,c015,Holding a phone/camera,0.0,40.0,0.0,39.0,39.0,data/charades/videos_480p/Y6MUU.mp4,data/charades/clips_480p_200/Y6MUU_c015_t0.00_39.00.mp4,sliced,
X95MU_c016_t0.00_36.38,X95MU,c016,Playing with a phone/camera,0.0,37.0,0.0,36.38,36.38,data/charades/videos_480p/X95MU.mp4,data/charades/clips_480p_200/X95MU_c016_t0.00_36.38.mp4,sliced,
L4DUU_c156_t0.00_31.58,L4DUU,c156,Someone is eating something,0.0,33.0,0.0,31.58,31.58,data/charades/videos_480p/L4DUU.mp4,data/charades/clips_480p_200/L4DUU_c156_t0.00_31.58.mp4,sliced,
XFHYX_c151_t0.00_18.90,XFHYX,c151,Someone is going from standing to sitting,0.7,16.9,0.0,18.9,18.9,data/charades/videos_480p/XFHYX.mp4,data/charades/clips_480p_200/XFHYX_c151_t0.00_18.90.mp4,sliced,
FV684_c154_t0.00_32.92,FV684,c154,Someone is standing up from somewhere,0.0,34.0,0.0,32.92,32.92,data/charades/videos_480p/FV684.mp4,data/charades/clips_480p_200/FV684_c154_t0.00_32.92.mp4,sliced,
ARCUY_c059_t0.60_43.83,ARCUY,c059,Sitting in a chair,2.6,42.2,0.6,43.83,43.23,data/charades/videos_480p/ARCUY.mp4,data/charades/clips_480p_200/ARCUY_c059_t0.60_43.83.mp4,sliced,
406LH_c097_t1.00_21.00,406LH,c097,Walking through a doorway,3.0,19.0,1.0,21.0,20.0,data/charades/videos_480p/406LH.mp4,data/charades/clips_480p_200/406LH_c097_t1.00_21.00.mp4,sliced,
SPG5Q_c150_t9.20_33.42,SPG5Q,c150,Someone is running somewhere,11.2,34.0,9.2,33.42,24.22,data/charades/videos_480p/SPG5Q.mp4,data/charades/clips_480p_200/SPG5Q_c150_t9.20_33.42.mp4,sliced,
YDTH0_c052_t0.00_34.50,YDTH0,c052,Working/Playing on a laptop,0.0,36.0,0.0,34.5,34.5,data/charades/videos_480p/YDTH0.mp4,data/charades/clips_480p_200/YDTH0_c052_t0.00_34.50.mp4,sliced,
7GIOE_c051_t0.00_33.79,7GIOE,c051,Watching a laptop or something on a laptop,0.0,35.0,0.0,33.79,33.79,data/charades/videos_480p/7GIOE.mp4,data/charades/clips_480p_200/7GIOE_c051_t0.00_33.79.mp4,sliced,
8PSXZ_c147_t0.00_32.33,8PSXZ,c147,Someone is cooking something,0.0,33.0,0.0,32.33,32.33,data/charades/videos_480p/8PSXZ.mp4,data/charades/clips_480p_200/8PSXZ_c147_t0.00_32.33.mp4,sliced,
ZWE6N_c107_t0.20_37.71,ZWE6N,c107,Holding a cup/glass/bottle of something,2.2,37.7,0.2,37.71,37.51,data/charades/videos_480p/ZWE6N.mp4,data/charades/clips_480p_200/ZWE6N_c107_t0.20_37.71.mp4,sliced,
K8AUX_c110_t0.00_29.54,K8AUX,c110,Taking a cup/glass/bottle from somewhere,0.0,31.0,0.0,29.54,29.54,data/charades/videos_480p/K8AUX.mp4,data/charades/clips_480p_200/K8AUX_c110_t0.00_29.54.mp4,sliced,
B2X4D_c109_t9.20_30.71,B2X4D,c109,Putting a cup/glass/bottle somewhere,11.2,32.0,9.2,30.71,21.51,data/charades/videos_480p/B2X4D.mp4,data/charades/clips_480p_200/B2X4D_c109_t9.20_30.71.mp4,sliced,
7XLMZ_c065_t0.00_28.75,7XLMZ,c065,Eating a sandwich,0.0,30.0,0.0,28.75,28.75,data/charades/videos_480p/7XLMZ.mp4,data/charades/clips_480p_200/7XLMZ_c065_t0.00_28.75.mp4,sliced,
M40WF_c123_t0.00_36.04,M40WF,c123,Sitting on sofa/couch,0.0,37.0,0.0,36.04,36.04,data/charades/videos_480p/M40WF.mp4,data/charades/clips_480p_200/M40WF_c123_t0.00_36.04.mp4,sliced,
F0ZPW_c125_t0.00_39.29,F0ZPW,c125,Sitting on the floor,0.0,40.0,0.0,39.29,39.29,data/charades/videos_480p/F0ZPW.mp4,data/charades/clips_480p_200/F0ZPW_c125_t0.00_39.29.mp4,sliced,
GYAR9_c132_t0.00_37.96,GYAR9,c132,Watching television,0.0,39.0,0.0,37.96,37.96,data/charades/videos_480p/GYAR9.mp4,data/charades/clips_480p_200/GYAR9_c132_t0.00_37.96.mp4,sliced,
5JSFE_c106_t0.00_30.79,5JSFE,c106,Drinking from a cup/glass/bottle,0.0,29.8,0.0,30.79,30.79,data/charades/videos_480p/5JSFE.mp4,data/charades/clips_480p_200/5JSFE_c106_t0.00_30.79.mp4,sliced,
FN71T_c019_t0.00_31.83,FN71T,c019,Talking on a phone/camera,0.0,33.0,0.0,31.83,31.83,data/charades/videos_480p/FN71T.mp4,data/charades/clips_480p_200/FN71T_c019_t0.00_31.83.mp4,sliced,
RV11J_c015_t0.00_40.29,RV11J,c015,Holding a phone/camera,0.0,39.1,0.0,40.29,40.29,data/charades/videos_480p/RV11J.mp4,data/charades/clips_480p_200/RV11J_c015_t0.00_40.29.mp4,sliced,
NSDFA_c016_t0.00_35.08,NSDFA,c016,Playing with a phone/camera,0.0,36.0,0.0,35.08,35.08,data/charades/videos_480p/NSDFA.mp4,data/charades/clips_480p_200/NSDFA_c016_t0.00_35.08.mp4,sliced,
DDUXF_c156_t0.00_34.90,DDUXF,c156,Someone is eating something,0.0,32.9,0.0,34.9,34.9,data/charades/videos_480p/DDUXF.mp4,data/charades/clips_480p_200/DDUXF_c156_t0.00_34.90.mp4,sliced,
HB8QW_c151_t0.60_20.60,HB8QW,c151,Someone is going from standing to sitting,2.6,18.6,0.6,20.6,20.0,data/charades/videos_480p/HB8QW.mp4,data/charades/clips_480p_200/HB8QW_c151_t0.60_20.60.mp4,sliced,
OYG5H_c154_t0.00_30.83,OYG5H,c154,Someone is standing up from somewhere,0.0,32.0,0.0,30.83,30.83,data/charades/videos_480p/OYG5H.mp4,data/charades/clips_480p_200/OYG5H_c154_t0.00_30.83.mp4,sliced,
IJN3M_c059_t1.00_41.42,IJN3M,c059,Sitting in a chair,3.0,42.0,1.0,41.42,40.42,data/charades/videos_480p/IJN3M.mp4,data/charades/clips_480p_200/IJN3M_c059_t1.00_41.42.mp4,sliced,
AST4H_c097_t6.00_23.90,AST4H,c097,Walking through a doorway,8.0,21.9,6.0,23.9,17.9,data/charades/videos_480p/AST4H.mp4,data/charades/clips_480p_200/AST4H_c097_t6.00_23.90.mp4,sliced,
0R5GS_c150_t8.90_31.33,0R5GS,c150,Someone is running somewhere,10.9,32.0,8.9,31.33,22.43,data/charades/videos_480p/0R5GS.mp4,data/charades/clips_480p_200/0R5GS_c150_t8.90_31.33.mp4,sliced,
V58VE_c052_t0.00_31.54,V58VE,c052,Working/Playing on a laptop,0.0,33.0,0.0,31.54,31.54,data/charades/videos_480p/V58VE.mp4,data/charades/clips_480p_200/V58VE_c052_t0.00_31.54.mp4,sliced,
H603E_c051_t0.00_32.33,H603E,c051,Watching a laptop or something on a laptop,0.0,33.0,0.0,32.33,32.33,data/charades/videos_480p/H603E.mp4,data/charades/clips_480p_200/H603E_c051_t0.00_32.33.mp4,sliced,
1SKLG_c147_t0.00_30.42,1SKLG,c147,Someone is cooking something,0.0,31.0,0.0,30.42,30.42,data/charades/videos_480p/1SKLG.mp4,data/charades/clips_480p_200/1SKLG_c147_t0.00_30.42.mp4,sliced,
HY9LW_c107_t0.00_33.75,HY9LW,c107,Holding a cup/glass/bottle of something,0.0,34.6,0.0,33.75,33.75,data/charades/videos_480p/HY9LW.mp4,data/charades/clips_480p_200/HY9LW_c107_t0.00_33.75.mp4,sliced,
0NCWX_c110_t0.30_31.50,0NCWX,c110,Taking a cup/glass/bottle from somewhere,2.3,32.0,0.3,31.5,31.2,data/charades/videos_480p/0NCWX.mp4,data/charades/clips_480p_200/0NCWX_c110_t0.30_31.50.mp4,sliced,
8LWV7_c109_t10.80_30.04,8LWV7,c109,Putting a cup/glass/bottle somewhere,12.8,31.0,10.8,30.04,19.24,data/charades/videos_480p/8LWV7.mp4,data/charades/clips_480p_200/8LWV7_c109_t10.80_30.04.mp4,sliced,
D4RH8_c065_t0.00_29.08,D4RH8,c065,Eating a sandwich,0.0,30.0,0.0,29.08,29.08,data/charades/videos_480p/D4RH8.mp4,data/charades/clips_480p_200/D4RH8_c065_t0.00_29.08.mp4,sliced,
EASCD_c123_t0.00_37.00,EASCD,c123,Sitting on sofa/couch,0.0,35.0,0.0,37.0,37.0,data/charades/videos_480p/EASCD.mp4,data/charades/clips_480p_200/EASCD_c123_t0.00_37.00.mp4,sliced,
C0207_c125_t0.00_36.42,C0207,c125,Sitting on the floor,0.0,37.0,0.0,36.42,36.42,data/charades/videos_480p/C0207.mp4,data/charades/clips_480p_200/C0207_c125_t0.00_36.42.mp4,sliced,
1DGSW_c132_t0.00_38.33,1DGSW,c132,Watching television,1.8,39.0,0.0,38.33,38.33,data/charades/videos_480p/1DGSW.mp4,data/charades/clips_480p_200/1DGSW_c132_t0.00_38.33.mp4,sliced,
U3OJV_c106_t0.00_27.67,U3OJV,c106,Drinking from a cup/glass/bottle,0.0,29.0,0.0,27.67,27.67,data/charades/videos_480p/U3OJV.mp4,data/charades/clips_480p_200/U3OJV_c106_t0.00_27.67.mp4,sliced,
V5XKZ_c019_t0.00_31.58,V5XKZ,c019,Talking on a phone/camera,0.0,32.7,0.0,31.58,31.58,data/charades/videos_480p/V5XKZ.mp4,data/charades/clips_480p_200/V5XKZ_c019_t0.00_31.58.mp4,sliced,
3FMAS_c015_t0.00_37.12,3FMAS,c015,Holding a phone/camera,0.0,38.0,0.0,37.12,37.12,data/charades/videos_480p/3FMAS.mp4,data/charades/clips_480p_200/3FMAS_c015_t0.00_37.12.mp4,sliced,
B8BSY_c016_t0.00_31.79,B8BSY,c016,Playing with a phone/camera,0.0,32.9,0.0,31.79,31.79,data/charades/videos_480p/B8BSY.mp4,data/charades/clips_480p_200/B8BSY_c016_t0.00_31.79.mp4,sliced,
5B8M5_c156_t0.00_30.71,5B8M5,c156,Someone is eating something,0.0,32.0,0.0,30.71,30.71,data/charades/videos_480p/5B8M5.mp4,data/charades/clips_480p_200/5B8M5_c156_t0.00_30.71.mp4,sliced,
CVPQR_c151_t14.50_30.58,CVPQR,c151,Someone is going from standing to sitting,16.5,32.0,14.5,30.58,16.08,data/charades/videos_480p/CVPQR.mp4,data/charades/clips_480p_200/CVPQR_c151_t14.50_30.58.mp4,sliced,
MV9N4_c154_t0.00_28.96,MV9N4,c154,Someone is standing up from somewhere,0.0,30.0,0.0,28.96,28.96,data/charades/videos_480p/MV9N4.mp4,data/charades/clips_480p_200/MV9N4_c154_t0.00_28.96.mp4,sliced,
0YTSJ_c059_t0.00_37.08,0YTSJ,c059,Sitting in a chair,0.0,38.0,0.0,37.08,37.08,data/charades/videos_480p/0YTSJ.mp4,data/charades/clips_480p_200/0YTSJ_c059_t0.00_37.08.mp4,sliced,
WOD0G_c097_t0.00_15.90,WOD0G,c097,Walking through a doorway,0.0,13.9,0.0,15.9,15.9,data/charades/videos_480p/WOD0G.mp4,data/charades/clips_480p_200/WOD0G_c097_t0.00_15.90.mp4,sliced,
UKOAU_c150_t7.90_25.90,UKOAU,c150,Someone is running somewhere,9.9,23.9,7.9,25.9,18.0,data/charades/videos_480p/UKOAU.mp4,data/charades/clips_480p_200/UKOAU_c150_t7.90_25.90.mp4,sliced,
V8GK6_c052_t0.00_31.92,V8GK6,c052,Working/Playing on a laptop,0.0,33.0,0.0,31.92,31.92,data/charades/videos_480p/V8GK6.mp4,data/charades/clips_480p_200/V8GK6_c052_t0.00_31.92.mp4,sliced,
5NG8W_c051_t0.00_31.67,5NG8W,c051,Watching a laptop or something on a laptop,0.1,32.4,0.0,31.67,31.67,data/charades/videos_480p/5NG8W.mp4,data/charades/clips_480p_200/5NG8W_c051_t0.00_31.67.mp4,sliced,
DUEEE_c147_t0.00_30.38,DUEEE,c147,Someone is cooking something,0.0,31.0,0.0,30.38,30.38,data/charades/videos_480p/DUEEE.mp4,data/charades/clips_480p_200/DUEEE_c147_t0.00_30.38.mp4,sliced,
K8DDR_c107_t0.00_32.54,K8DDR,c107,Holding a cup/glass/bottle of something,0.0,34.0,0.0,32.54,32.54,data/charades/videos_480p/K8DDR.mp4,data/charades/clips_480p_200/K8DDR_c107_t0.00_32.54.mp4,sliced,
VTYXW_c110_t20.60_43.90,VTYXW,c110,Taking a cup/glass/bottle from somewhere,22.6,41.9,20.6,43.9,23.3,data/charades/videos_480p/VTYXW.mp4,data/charades/clips_480p_200/VTYXW_c110_t20.60_43.90.mp4,sliced,
0A8ZT_c109_t8.60_29.30,0A8ZT,c109,Putting a cup/glass/bottle somewhere,10.6,27.3,8.6,29.3,20.7,data/charades/videos_480p/0A8ZT.mp4,data/charades/clips_480p_200/0A8ZT_c109_t8.60_29.30.mp4,sliced,
SZTNV_c065_t0.00_28.71,SZTNV,c065,Eating a sandwich,0.0,30.0,0.0,28.71,28.71,data/charades/videos_480p/SZTNV.mp4,data/charades/clips_480p_200/SZTNV_c065_t0.00_28.71.mp4,sliced,
0UFI4_c123_t10.80_46.96,0UFI4,c123,Sitting on sofa/couch,12.8,47.1,10.8,46.96,36.16,data/charades/videos_480p/0UFI4.mp4,data/charades/clips_480p_200/0UFI4_c123_t10.80_46.96.mp4,sliced,
9W63D_c125_t0.00_33.75,9W63D,c125,Sitting on the floor,0.0,35.0,0.0,33.75,33.75,data/charades/videos_480p/9W63D.mp4,data/charades/clips_480p_200/9W63D_c125_t0.00_33.75.mp4,sliced,
WZRLQ_c132_t0.00_34.88,WZRLQ,c132,Watching television,0.0,36.0,0.0,34.88,34.88,data/charades/videos_480p/WZRLQ.mp4,data/charades/clips_480p_200/WZRLQ_c132_t0.00_34.88.mp4,sliced,
FET0V_c106_t2.30_35.10,FET0V,c106,Drinking from a cup/glass/bottle,4.3,33.1,2.3,35.1,32.8,data/charades/videos_480p/FET0V.mp4,data/charades/clips_480p_200/FET0V_c106_t2.30_35.10.mp4,sliced,
DBN7R_c019_t0.00_30.71,DBN7R,c019,Talking on a phone/camera,0.0,32.0,0.0,30.71,30.71,data/charades/videos_480p/DBN7R.mp4,data/charades/clips_480p_200/DBN7R_c019_t0.00_30.71.mp4,sliced,
G8O8P_c015_t0.00_34.54,G8O8P,c015,Holding a phone/camera,0.0,36.0,0.0,34.54,34.54,data/charades/videos_480p/G8O8P.mp4,data/charades/clips_480p_200/G8O8P_c015_t0.00_34.54.mp4,sliced,
XNR76_c016_t0.00_33.67,XNR76,c016,Playing with a phone/camera,0.0,32.5,0.0,33.67,33.67,data/charades/videos_480p/XNR76.mp4,data/charades/clips_480p_200/XNR76_c016_t0.00_33.67.mp4,sliced,
5MYL4_c156_t0.00_30.46,5MYL4,c156,Someone is eating something,0.0,31.0,0.0,30.46,30.46,data/charades/videos_480p/5MYL4.mp4,data/charades/clips_480p_200/5MYL4_c156_t0.00_30.46.mp4,sliced,
FPODN_c151_t8.80_28.20,FPODN,c151,Someone is going from standing to sitting,10.8,26.2,8.8,28.2,19.4,data/charades/videos_480p/FPODN.mp4,data/charades/clips_480p_200/FPODN_c151_t8.80_28.20.mp4,sliced,
QDRWK_c154_t0.00_29.50,QDRWK,c154,Someone is standing up from somewhere,0.0,30.0,0.0,29.5,29.5,data/charades/videos_480p/QDRWK.mp4,data/charades/clips_480p_200/QDRWK_c154_t0.00_29.50.mp4,sliced,
J26CF_c059_t0.00_37.25,J26CF,c059,Sitting in a chair,0.0,38.0,0.0,37.25,37.25,data/charades/videos_480p/J26CF.mp4,data/charades/clips_480p_200/J26CF_c059_t0.00_37.25.mp4,sliced,
AHZWF_c097_t0.00_15.70,AHZWF,c097,Walking through a doorway,0.0,13.7,0.0,15.7,15.7,data/charades/videos_480p/AHZWF.mp4,data/charades/clips_480p_200/AHZWF_c097_t0.00_15.70.mp4,sliced,
WNW0S_c150_t0.00_13.70,WNW0S,c150,Someone is running somewhere,0.0,11.7,0.0,13.7,13.7,data/charades/videos_480p/WNW0S.mp4,data/charades/clips_480p_200/WNW0S_c150_t0.00_13.70.mp4,sliced,
WA7WD_c052_t0.00_31.46,WA7WD,c052,Working/Playing on a laptop,0.0,32.0,0.0,31.46,31.46,data/charades/videos_480p/WA7WD.mp4,data/charades/clips_480p_200/WA7WD_c052_t0.00_31.46.mp4,sliced,
C6B3T_c051_t0.00_31.21,C6B3T,c051,Watching a laptop or something on a laptop,0.0,32.0,0.0,31.21,31.21,data/charades/videos_480p/C6B3T.mp4,data/charades/clips_480p_200/C6B3T_c051_t0.00_31.21.mp4,sliced,
OOCOF_c147_t0.00_29.71,OOCOF,c147,Someone is cooking something,0.0,31.0,0.0,29.71,29.71,data/charades/videos_480p/OOCOF.mp4,data/charades/clips_480p_200/OOCOF_c147_t0.00_29.71.mp4,sliced,
ENCXV_c107_t0.00_32.25,ENCXV,c107,Holding a cup/glass/bottle of something,0.0,33.0,0.0,32.25,32.25,data/charades/videos_480p/ENCXV.mp4,data/charades/clips_480p_200/ENCXV_c107_t0.00_32.25.mp4,sliced,
KZK6W_c110_t12.70_32.40,KZK6W,c110,Taking a cup/glass/bottle from somewhere,14.7,30.4,12.7,32.4,19.7,data/charades/videos_480p/KZK6W.mp4,data/charades/clips_480p_200/KZK6W_c110_t12.70_32.40.mp4,sliced,
KNN3G_c109_t0.00_14.90,KNN3G,c109,Putting a cup/glass/bottle somewhere,0.0,12.9,0.0,14.9,14.9,data/charades/videos_480p/KNN3G.mp4,data/charades/clips_480p_200/KNN3G_c109_t0.00_14.90.mp4,sliced,
YVFBN_c065_t0.00_29.42,YVFBN,c065,Eating a sandwich,0.0,30.0,0.0,29.42,29.42,data/charades/videos_480p/YVFBN.mp4,data/charades/clips_480p_200/YVFBN_c065_t0.00_29.42.mp4,sliced,
AHL6X_c123_t0.00_33.08,AHL6X,c123,Sitting on sofa/couch,0.0,34.0,0.0,33.08,33.08,data/charades/videos_480p/AHL6X.mp4,data/charades/clips_480p_200/AHL6X_c123_t0.00_33.08.mp4,sliced,
YXP9P_c125_t0.00_33.67,YXP9P,c125,Sitting on the floor,0.0,35.0,0.0,33.67,33.67,data/charades/videos_480p/YXP9P.mp4,data/charades/clips_480p_200/YXP9P_c125_t0.00_33.67.mp4,sliced,
LOBSL_c132_t0.70_36.25,LOBSL,c132,Watching television,2.7,37.0,0.7,36.25,35.55,data/charades/videos_480p/LOBSL.mp4,data/charades/clips_480p_200/LOBSL_c132_t0.70_36.25.mp4,sliced,
GNA1H_c106_t0.00_26.40,GNA1H,c106,Drinking from a cup/glass/bottle,0.0,24.4,0.0,26.4,26.4,data/charades/videos_480p/GNA1H.mp4,data/charades/clips_480p_200/GNA1H_c106_t0.00_26.40.mp4,sliced,
QHU9R_c019_t0.00_30.17,QHU9R,c019,Talking on a phone/camera,0.0,30.0,0.0,30.17,30.17,data/charades/videos_480p/QHU9R.mp4,data/charades/clips_480p_200/QHU9R_c019_t0.00_30.17.mp4,sliced,
J1YJ6_c015_t0.00_34.88,J1YJ6,c015,Holding a phone/camera,1.0,36.0,0.0,34.88,34.88,data/charades/videos_480p/J1YJ6.mp4,data/charades/clips_480p_200/J1YJ6_c015_t0.00_34.88.mp4,sliced,
S1QOX_c016_t0.00_30.83,S1QOX,c016,Playing with a phone/camera,0.0,32.0,0.0,30.83,30.83,data/charades/videos_480p/S1QOX.mp4,data/charades/clips_480p_200/S1QOX_c016_t0.00_30.83.mp4,sliced,
M8PXK_c156_t0.00_30.08,M8PXK,c156,Someone is eating something,0.0,31.0,0.0,30.08,30.08,data/charades/videos_480p/M8PXK.mp4,data/charades/clips_480p_200/M8PXK_c156_t0.00_30.08.mp4,sliced,
VSO80_c151_t15.70_31.50,VSO80,c151,Someone is going from standing to sitting,17.7,32.0,15.7,31.5,15.8,data/charades/videos_480p/VSO80.mp4,data/charades/clips_480p_200/VSO80_c151_t15.70_31.50.mp4,sliced,
FW1L0_c154_t0.00_26.80,FW1L0,c154,Someone is standing up from somewhere,0.0,24.8,0.0,26.8,26.8,data/charades/videos_480p/FW1L0.mp4,data/charades/clips_480p_200/FW1L0_c154_t0.00_26.80.mp4,sliced,
KAKC6_c059_t0.00_36.79,KAKC6,c059,Sitting in a chair,0.0,38.0,0.0,36.79,36.79,data/charades/videos_480p/KAKC6.mp4,data/charades/clips_480p_200/KAKC6_c059_t0.00_36.79.mp4,sliced,
DKTVI_c097_t13.60_30.30,DKTVI,c097,Walking through a doorway,15.6,28.3,13.6,30.3,16.7,data/charades/videos_480p/DKTVI.mp4,data/charades/clips_480p_200/DKTVI_c097_t13.60_30.30.mp4,sliced,
10J88_c150_t0.00_13.00,10J88,c150,Someone is running somewhere,0.0,11.0,0.0,13.0,13.0,data/charades/videos_480p/10J88.mp4,data/charades/clips_480p_200/10J88_c150_t0.00_13.00.mp4,sliced,
7HV9Q_c052_t0.00_29.83,7HV9Q,c052,Working/Playing on a laptop,0.0,31.0,0.0,29.83,29.83,data/charades/videos_480p/7HV9Q.mp4,data/charades/clips_480p_200/7HV9Q_c052_t0.00_29.83.mp4,sliced,
Q6XGG_c051_t0.00_30.96,Q6XGG,c051,Watching a laptop or something on a laptop,0.0,32.0,0.0,30.96,30.96,data/charades/videos_480p/Q6XGG.mp4,data/charades/clips_480p_200/Q6XGG_c051_t0.00_30.96.mp4,sliced,
8Q0EY_c147_t0.00_31.58,8Q0EY,c147,Someone is cooking something,0.0,30.0,0.0,31.58,31.58,data/charades/videos_480p/8Q0EY.mp4,data/charades/clips_480p_200/8Q0EY_c147_t0.00_31.58.mp4,sliced,
004QE_c107_t0.00_30.58,004QE,c107,Holding a cup/glass/bottle of something,0.0,32.0,0.0,30.58,30.58,data/charades/videos_480p/004QE.mp4,data/charades/clips_480p_200/004QE_c107_t0.00_30.58.mp4,sliced,
HIC67_c110_t6.20_23.10,HIC67,c110,Taking a cup/glass/bottle from somewhere,8.2,21.1,6.2,23.1,16.9,data/charades/videos_480p/HIC67.mp4,data/charades/clips_480p_200/HIC67_c110_t6.20_23.10.mp4,sliced,
2WGSN_c109_t0.00_14.20,2WGSN,c109,Putting a cup/glass/bottle somewhere,0.0,12.2,0.0,14.2,14.2,data/charades/videos_480p/2WGSN.mp4,data/charades/clips_480p_200/2WGSN_c109_t0.00_14.20.mp4,sliced,
857S9_c065_t5.90_34.50,857S9,c065,Eating a sandwich,7.9,36.0,5.9,34.5,28.6,data/charades/videos_480p/857S9.mp4,data/charades/clips_480p_200/857S9_c065_t5.90_34.50.mp4,sliced,
MI4SN_c123_t0.00_35.20,MI4SN,c123,Sitting on sofa/couch,0.0,33.2,0.0,35.2,35.2,data/charades/videos_480p/MI4SN.mp4,data/charades/clips_480p_200/MI4SN_c123_t0.00_35.20.mp4,sliced,
A80GG_c125_t0.00_32.71,A80GG,c125,Sitting on the floor,0.0,34.0,0.0,32.71,32.71,data/charades/videos_480p/A80GG.mp4,data/charades/clips_480p_200/A80GG_c125_t0.00_32.71.mp4,sliced,
5VUQE_c132_t0.00_30.92,5VUQE,c132,Watching television,0.0,32.0,0.0,30.92,30.92,data/charades/videos_480p/5VUQE.mp4,data/charades/clips_480p_200/5VUQE_c132_t0.00_30.92.mp4,sliced,
7WG7A_c106_t0.00_25.00,7WG7A,c106,Drinking from a cup/glass/bottle,0.0,23.0,0.0,25.0,25.0,data/charades/videos_480p/7WG7A.mp4,data/charades/clips_480p_200/7WG7A_c106_t0.00_25.00.mp4,sliced,
R2RBJ_c019_t0.00_29.38,R2RBJ,c019,Talking on a phone/camera,0.0,30.0,0.0,29.38,29.38,data/charades/videos_480p/R2RBJ.mp4,data/charades/clips_480p_200/R2RBJ_c019_t0.00_29.38.mp4,sliced,
OE751_c015_t0.00_33.17,OE751,c015,Holding a phone/camera,0.0,34.0,0.0,33.17,33.17,data/charades/videos_480p/OE751.mp4,data/charades/clips_480p_200/OE751_c015_t0.00_33.17.mp4,sliced,
UVMZ8_c016_t0.00_30.54,UVMZ8,c016,Playing with a phone/camera,0.0,32.0,0.0,30.54,30.54,data/charades/videos_480p/UVMZ8.mp4,data/charades/clips_480p_200/UVMZ8_c016_t0.00_30.54.mp4,sliced,
K7HQG_c156_t0.00_30.38,K7HQG,c156,Someone is eating something,0.6,31.0,0.0,30.38,30.38,data/charades/videos_480p/K7HQG.mp4,data/charades/clips_480p_200/K7HQG_c156_t0.00_30.38.mp4,sliced,
G4E4S_c151_t12.40_30.10,G4E4S,c151,Someone is going from standing to sitting,14.4,28.1,12.4,30.1,17.7,data/charades/videos_480p/G4E4S.mp4,data/charades/clips_480p_200/G4E4S_c151_t12.40_30.10.mp4,sliced,
XDT45_c154_t7.40_33.46,XDT45,c154,Someone is standing up from somewhere,9.4,34.0,7.4,33.46,26.06,data/charades/videos_480p/XDT45.mp4,data/charades/clips_480p_200/XDT45_c154_t7.40_33.46.mp4,sliced,
1ROX7_c059_t0.00_36.08,1ROX7,c059,Sitting in a chair,0.0,37.0,0.0,36.08,36.08,data/charades/videos_480p/1ROX7.mp4,data/charades/clips_480p_200/1ROX7_c059_t0.00_36.08.mp4,sliced,
WLA52_c097_t15.50_32.20,WLA52,c097,Walking through a doorway,17.5,30.2,15.5,32.2,16.7,data/charades/videos_480p/WLA52.mp4,data/charades/clips_480p_200/WLA52_c097_t15.50_32.20.mp4,sliced,
D3EY0_c150_t5.30_18.50,D3EY0,c150,Someone is running somewhere,7.3,18.0,5.3,18.5,13.2,data/charades/videos_480p/D3EY0.mp4,data/charades/clips_480p_200/D3EY0_c150_t5.30_18.50.mp4,sliced,
CB42N_c052_t0.00_30.46,CB42N,c052,Working/Playing on a laptop,0.0,31.0,0.0,30.46,30.46,data/charades/videos_480p/CB42N.mp4,data/charades/clips_480p_200/CB42N_c052_t0.00_30.46.mp4,sliced,
W86JJ_c051_t0.00_30.75,W86JJ,c051,Watching a laptop or something on a laptop,0.0,32.0,0.0,30.75,30.75,data/charades/videos_480p/W86JJ.mp4,data/charades/clips_480p_200/W86JJ_c051_t0.00_30.75.mp4,sliced,
HSSOZ_c147_t0.00_31.60,HSSOZ,c147,Someone is cooking something,0.0,29.6,0.0,31.6,31.6,data/charades/videos_480p/HSSOZ.mp4,data/charades/clips_480p_200/HSSOZ_c147_t0.00_31.60.mp4,sliced,
21E40_c107_t0.00_30.92,21E40,c107,Holding a cup/glass/bottle of something,0.0,32.0,0.0,30.92,30.92,data/charades/videos_480p/21E40.mp4,data/charades/clips_480p_200/21E40_c107_t0.00_30.92.mp4,sliced,
SCHOY_c110_t2.10_18.30,SCHOY,c110,Taking a cup/glass/bottle from somewhere,4.1,16.3,2.1,18.3,16.2,data/charades/videos_480p/SCHOY.mp4,data/charades/clips_480p_200/SCHOY_c110_t2.10_18.30.mp4,sliced,
3GNH7_c109_t0.00_12.10,3GNH7,c109,Putting a cup/glass/bottle somewhere,0.0,10.1,0.0,12.1,12.1,data/charades/videos_480p/3GNH7.mp4,data/charades/clips_480p_200/3GNH7_c109_t0.00_12.10.mp4,sliced,
8Y7P5_c065_t0.00_28.75,8Y7P5,c065,Eating a sandwich,2.0,30.0,0.0,28.75,28.75,data/charades/videos_480p/8Y7P5.mp4,data/charades/clips_480p_200/8Y7P5_c065_t0.00_28.75.mp4,sliced,
X3KFE_c123_t0.00_31.83,X3KFE,c123,Sitting on sofa/couch,0.0,33.0,0.0,31.83,31.83,data/charades/videos_480p/X3KFE.mp4,data/charades/clips_480p_200/X3KFE_c123_t0.00_31.83.mp4,sliced,
LVLVR_c125_t0.00_32.71,LVLVR,c125,Sitting on the floor,0.0,34.0,0.0,32.71,32.71,data/charades/videos_480p/LVLVR.mp4,data/charades/clips_480p_200/LVLVR_c125_t0.00_32.71.mp4,sliced,
PSPMA_c132_t0.00_31.25,PSPMA,c132,Watching television,0.0,32.0,0.0,31.25,31.25,data/charades/videos_480p/PSPMA.mp4,data/charades/clips_480p_200/PSPMA_c132_t0.00_31.25.mp4,sliced,
S9SRM_c106_t7.50_31.42,S9SRM,c106,Drinking from a cup/glass/bottle,9.5,32.0,7.5,31.42,23.92,data/charades/videos_480p/S9SRM.mp4,data/charades/clips_480p_200/S9SRM_c106_t7.50_31.42.mp4,sliced,
BVS38_c019_t0.00_28.04,BVS38,c019,Talking on a phone/camera,0.0,29.0,0.0,28.04,28.04,data/charades/videos_480p/BVS38.mp4,data/charades/clips_480p_200/BVS38_c019_t0.00_28.04.mp4,sliced,
ZVMAY_c015_t0.00_35.80,ZVMAY,c015,Holding a phone/camera,0.0,33.8,0.0,35.8,35.8,data/charades/videos_480p/ZVMAY.mp4,data/charades/clips_480p_200/ZVMAY_c015_t0.00_35.80.mp4,sliced,
95HQC_c016_t0.00_29.92,95HQC,c016,Playing with a phone/camera,0.0,31.0,0.0,29.92,29.92,data/charades/videos_480p/95HQC.mp4,data/charades/clips_480p_200/95HQC_c016_t0.00_29.92.mp4,sliced,
JW2HC_c156_t0.00_30.42,JW2HC,c156,Someone is eating something,0.7,31.0,0.0,30.42,30.42,data/charades/videos_480p/JW2HC.mp4,data/charades/clips_480p_200/JW2HC_c156_t0.00_30.42.mp4,sliced,
RNCN8_c151_t15.90_29.38,RNCN8,c151,Someone is going from standing to sitting,17.9,30.0,15.9,29.38,13.48,data/charades/videos_480p/RNCN8.mp4,data/charades/clips_480p_200/RNCN8_c151_t15.90_29.38.mp4,sliced,
OSCS2_c154_t6.50_33.40,OSCS2,c154,Someone is standing up from somewhere,8.5,31.4,6.5,33.4,26.9,data/charades/videos_480p/OSCS2.mp4,data/charades/clips_480p_200/OSCS2_c154_t6.50_33.40.mp4,sliced,
55DDW_c059_t1.40_38.75,55DDW,c059,Sitting in a chair,3.4,40.0,1.4,38.75,37.35,data/charades/videos_480p/55DDW.mp4,data/charades/clips_480p_200/55DDW_c059_t1.40_38.75.mp4,sliced,
1Q4SL_c097_t18.10_30.88,1Q4SL,c097,Walking through a doorway,20.1,32.0,18.1,30.88,12.78,data/charades/videos_480p/1Q4SL.mp4,data/charades/clips_480p_200/1Q4SL_c097_t18.10_30.88.mp4,sliced,
VIKQG_c150_t7.50_19.08,VIKQG,c150,Someone is running somewhere,9.5,20.0,7.5,19.08,11.58,data/charades/videos_480p/VIKQG.mp4,data/charades/clips_480p_200/VIKQG_c150_t7.50_19.08.mp4,sliced,
MCNRZ_c052_t0.00_30.04,MCNRZ,c052,Working/Playing on a laptop,0.0,31.0,0.0,30.04,30.04,data/charades/videos_480p/MCNRZ.mp4,data/charades/clips_480p_200/MCNRZ_c052_t0.00_30.04.mp4,sliced,
372CC_c051_t0.00_30.50,372CC,c051,Watching a laptop or something on a laptop,0.0,31.0,0.0,30.5,30.5,data/charades/videos_480p/372CC.mp4,data/charades/clips_480p_200/372CC_c051_t0.00_30.50.mp4,sliced,
L8Y8D_c147_t0.00_31.10,L8Y8D,c147,Someone is cooking something,0.0,29.1,0.0,31.1,31.1,data/charades/videos_480p/L8Y8D.mp4,data/charades/clips_480p_200/L8Y8D_c147_t0.00_31.10.mp4,sliced,
JG7BS_c107_t0.00_30.62,JG7BS,c107,Holding a cup/glass/bottle of something,0.0,32.0,0.0,30.62,30.62,data/charades/videos_480p/JG7BS.mp4,data/charades/clips_480p_200/JG7BS_c107_t0.00_30.62.mp4,sliced,
9X6DL_c110_t13.00_26.25,9X6DL,c110,Taking a cup/glass/bottle from somewhere,15.0,27.0,13.0,26.25,13.25,data/charades/videos_480p/9X6DL.mp4,data/charades/clips_480p_200/9X6DL_c110_t13.00_26.25.mp4,sliced,
QNHM7_c109_t8.10_21.20,QNHM7,c109,Putting a cup/glass/bottle somewhere,10.1,19.2,8.1,21.2,13.1,data/charades/videos_480p/QNHM7.mp4,data/charades/clips_480p_200/QNHM7_c109_t8.10_21.20.mp4,sliced,
CN5G4_c065_t0.00_29.90,CN5G4,c065,Eating a sandwich,0.0,27.9,0.0,29.9,29.9,data/charades/videos_480p/CN5G4.mp4,data/charades/clips_480p_200/CN5G4_c065_t0.00_29.90.mp4,sliced,
IR31O_c123_t0.00_30.96,IR31O,c123,Sitting on sofa/couch,0.0,32.0,0.0,30.96,30.96,data/charades/videos_480p/IR31O.mp4,data/charades/clips_480p_200/IR31O_c123_t0.00_30.96.mp4,sliced,
WMBOO_c125_t0.00_33.29,WMBOO,c125,Sitting on the floor,0.0,33.8,0.0,33.29,33.29,data/charades/videos_480p/WMBOO.mp4,data/charades/clips_480p_200/WMBOO_c125_t0.00_33.29.mp4,sliced,
8AT69_c132_t0.00_30.46,8AT69,c132,Watching television,0.0,31.0,0.0,30.46,30.46,data/charades/videos_480p/8AT69.mp4,data/charades/clips_480p_200/8AT69_c132_t0.00_30.46.mp4,sliced,
V34GF_c106_t0.00_20.83,V34GF,c106,Drinking from a cup/glass/bottle,0.0,19.5,0.0,20.83,20.83,data/charades/videos_480p/V34GF.mp4,data/charades/clips_480p_200/V34GF_c106_t0.00_20.83.mp4,sliced,
B5R5B_c019_t2.40_31.38,B5R5B,c019,Talking on a phone/camera,4.4,32.0,2.4,31.38,28.98,data/charades/videos_480p/B5R5B.mp4,data/charades/clips_480p_200/B5R5B_c019_t2.40_31.38.mp4,sliced,
5HJ2H_c015_t0.00_31.92,5HJ2H,c015,Holding a phone/camera,0.0,33.0,0.0,31.92,31.92,data/charades/videos_480p/5HJ2H.mp4,data/charades/clips_480p_200/5HJ2H_c015_t0.00_31.92.mp4,sliced,
FACX2_c016_t0.00_30.46,FACX2,c016,Playing with a phone/camera,0.0,31.0,0.0,30.46,30.46,data/charades/videos_480p/FACX2.mp4,data/charades/clips_480p_200/FACX2_c016_t0.00_30.46.mp4,sliced,
V2DAA_c156_t0.00_29.50,V2DAA,c156,Someone is eating something,0.0,30.0,0.0,29.5,29.5,data/charades/videos_480p/V2DAA.mp4,data/charades/clips_480p_200/V2DAA_c156_t0.00_29.50.mp4,sliced,
DLQIT_c151_t3.10_18.60,DLQIT,c151,Someone is going from standing to sitting,5.1,16.6,3.1,18.6,15.5,data/charades/videos_480p/DLQIT.mp4,data/charades/clips_480p_200/DLQIT_c151_t3.10_18.60.mp4,sliced,
5VJ1X_c154_t0.00_22.90,5VJ1X,c154,Someone is standing up from somewhere,0.5,20.9,0.0,22.9,22.9,data/charades/videos_480p/5VJ1X.mp4,data/charades/clips_480p_200/5VJ1X_c154_t0.00_22.90.mp4,sliced,
491X2_c059_t0.00_35.29,491X2,c059,Sitting in a chair,0.0,36.0,0.0,35.29,35.29,data/charades/videos_480p/491X2.mp4,data/charades/clips_480p_200/491X2_c059_t0.00_35.29.mp4,sliced,
WPPAT_c097_t2.20_18.10,WPPAT,c097,Walking through a doorway,4.2,16.1,2.2,18.1,15.9,data/charades/videos_480p/WPPAT.mp4,data/charades/clips_480p_200/WPPAT_c097_t2.20_18.10.mp4,sliced,
AM3R2_c150_t0.00_12.40,AM3R2,c150,Someone is running somewhere,0.0,10.4,0.0,12.4,12.4,data/charades/videos_480p/AM3R2.mp4,data/charades/clips_480p_200/AM3R2_c150_t0.00_12.40.mp4,sliced,
SU2UY_c052_t0.00_30.00,SU2UY,c052,Working/Playing on a laptop,0.0,31.0,0.0,30.0,30.0,data/charades/videos_480p/SU2UY.mp4,data/charades/clips_480p_200/SU2UY_c052_t0.00_30.00.mp4,sliced,
VXNGC_c051_t0.00_30.29,VXNGC,c051,Watching a laptop or something on a laptop,0.0,31.0,0.0,30.29,30.29,data/charades/videos_480p/VXNGC.mp4,data/charades/clips_480p_200/VXNGC_c051_t0.00_30.29.mp4,sliced,
622EX_c147_t0.00_28.10,622EX,c147,Someone is cooking something,0.0,26.1,0.0,28.1,28.1,data/charades/videos_480p/622EX.mp4,data/charades/clips_480p_200/622EX_c147_t0.00_28.10.mp4,sliced,
4O32W_c107_t0.00_30.33,4O32W,c107,Holding a cup/glass/bottle of something,0.0,31.0,0.0,30.33,30.33,data/charades/videos_480p/4O32W.mp4,data/charades/clips_480p_200/4O32W_c107_t0.00_30.33.mp4,sliced,
TE5P7_c110_t3.80_17.12,TE5P7,c110,Taking a cup/glass/bottle from somewhere,5.8,17.8,3.8,17.12,13.32,data/charades/videos_480p/TE5P7.mp4,data/charades/clips_480p_200/TE5P7_c110_t3.80_17.12.mp4,sliced,
WSLMS_c109_t14.40_26.90,WSLMS,c109,Putting a cup/glass/bottle somewhere,16.4,24.9,14.4,26.9,12.5,data/charades/videos_480p/WSLMS.mp4,data/charades/clips_480p_200/WSLMS_c109_t14.40_26.90.mp4,sliced,
XECIL_c065_t0.00_29.50,XECIL,c065,Eating a sandwich,0.0,27.5,0.0,29.5,29.5,data/charades/videos_480p/XECIL.mp4,data/charades/clips_480p_200/XECIL_c065_t0.00_29.50.mp4,sliced,
DNWCR_c123_t0.00_30.92,DNWCR,c123,Sitting on sofa/couch,0.7,32.0,0.0,30.92,30.92,data/charades/videos_480p/DNWCR.mp4,data/charades/clips_480p_200/DNWCR_c123_t0.00_30.92.mp4,sliced,
8ENLP_c125_t0.00_31.21,8ENLP,c125,Sitting on the floor,0.0,32.0,0.0,31.21,31.21,data/charades/videos_480p/8ENLP.mp4,data/charades/clips_480p_200/8ENLP_c125_t0.00_31.21.mp4,sliced,
92NRK_c132_t0.00_30.42,92NRK,c132,Watching television,0.0,31.0,0.0,30.42,30.42,data/charades/videos_480p/92NRK.mp4,data/charades/clips_480p_200/92NRK_c132_t0.00_30.42.mp4,sliced,
